id,violcount
01_01_0,2
01_02_0,1
01_03_0,7
01_04_0,3
01_05_0,2
01_06_0,4
01_07_0,0
01_07_1,0.5
01_07_2,1
01_07_3,4.0
01_08_0,0
01_09_0,1
01_10_0,0
01_10_1,2.0
01_10_2,0.5
01_10_3,3.5
01_10_4,0
01_10_5,1
01_10_6,0.5
01_10_7,1.0
01_11_0,4
01_12_0,11
01_12_1,4.5
01_12_10,2
01_12_11,2
01_12_12,5
01_12_13,4.5
01_12_14,9.0
01_12_15,2.5
01_12_16,5
01_12_17,11.0
01_12_2,6.0
01_12_3,9.5
01_12_4,7.0
01_12_5,3
01_12_6,10.5
01_12_7,7
01_12_8,6
01_12_9,13
01_13_0,4
01_14_0,4.5
01_14_1,0
01_14_2,1.0
01_14_3,1.5
01_14_4,3.0
01_14_5,1.5
01_14_6,2.5
01_14_7,7.0
01_15_0,19.0
01_15_1,2
01_15_2,3
01_15_3,19.0
01_16_0,0
01_17_0,0
01_17_1,2
01_17_10,12.5
01_17_11,16.5
01_17_12,16
01_17_13,15.5
01_17_14,9
01_17_15,16.0
01_17_16,13.5
01_17_17,8.5
01_17_18,4.0
01_17_19,4
01_17_2,2.5
01_17_20,2.5
01_17_21,10.5
01_17_22,9.5
01_17_23,6.5
01_17_24,11.5
01_17_25,13.0
01_17_26,7.0
01_17_27,22.5
01_17_28,14.0
01_17_29,8.0
01_17_3,0
01_17_30,4.5
01_17_31,0
01_17_32,4
01_17_33,1.5
01_17_34,0
01_17_35,4.0
01_17_36,1
01_17_37,5
01_17_38,2.5
01_17_39,1
01_17_4,3.0
01_17_40,0
01_17_41,1
01_17_42,5.5
01_17_43,0
01_17_44,1.5
01_17_45,0
01_17_46,5.5
01_17_47,1.0
01_17_48,0
01_17_49,5.5
01_17_5,2
01_17_50,0
01_17_51,5
01_17_52,4.0
01_17_53,1
01_17_6,4
01_17_7,6.0
01_17_8,6.5
01_17_9,14.0
01_18_0,0
01_18_1,0
01_18_10,2.5
01_18_11,1
01_18_12,2.5
01_18_13,4.5
01_18_14,1
01_18_15,2
01_18_16,2.0
01_18_17,2.5
01_18_18,0.5
01_18_19,5.0
01_18_2,0.5
01_18_20,2.5
01_18_21,14.5
01_18_22,9.0
01_18_23,0.5
01_18_24,0
01_18_25,1.0
01_18_26,0
01_18_27,1
01_18_28,0
01_18_29,1
01_18_3,0
01_18_30,0
01_18_31,1
01_18_32,2
01_18_33,0
01_18_34,0
01_18_35,0
01_18_36,0
01_18_37,1
01_18_38,1
01_18_39,0
01_18_4,1
01_18_40,1.0
01_18_41,0
01_18_42,0.5
01_18_43,1
01_18_44,0
01_18_45,2
01_18_46,2.5
01_18_47,3
01_18_48,2.5
01_18_49,0.5
01_18_5,0
01_18_50,1
01_18_51,0
01_18_52,1.0
01_18_53,1.0
01_18_54,2
01_18_55,0
01_18_56,0
01_18_57,0.5
01_18_58,0
01_18_59,2
01_18_6,0
01_18_60,1
01_18_61,0
01_18_62,0
01_18_63,2.5
01_18_64,0.5
01_18_65,1
01_18_66,0
01_18_67,0
01_18_68,0
01_18_69,0
01_18_7,1.0
01_18_70,1.5
01_18_71,0
01_18_72,0.5
01_18_73,4
01_18_74,0.5
01_18_75,1.5
01_18_8,0
01_18_9,0.5
01_19_0,2.5
01_19_1,0
01_19_2,0
01_19_3,0
01_20_0,0
01_21_0,1
01_22_0,1.0
01_23_0,4.5
01_24_0,0
01_25_0,13
01_26_0,1
01_27_0,9
01_28_0,1.5
01_29_0,0.5
01_30_0,0.5
01_31_0,0
01_32_0,0
01_33_0,0.5
01_34_0,0
01_35_0,0.5
01_36_0,0.5
01_37_0,1
01_38_0,1
01_39_0,0
01_40_0,0.5
01_41_0,0
01_42_0,0
01_43_0,1.5
01_43_1,1
01_43_2,3
01_43_3,0.5
01_43_4,1.0
01_43_5,0
01_44_0,2
01_44_1,2
01_45_0,1
01_46_0,8
01_46_1,1
01_46_2,2
01_47_0,2.5
01_47_1,0
01_47_2,1.5
02_01_0,6.5
02_01_1,14.5
02_01_10,4.5
02_01_2,9.5
02_01_3,14.5
02_01_4,11
02_01_5,8.5
02_01_6,19.5
02_01_7,15.5
02_01_8,11.0
02_01_9,8.0
02_02_0,2
02_02_1,1.5
02_02_2,6.5
02_02_3,1
02_02_4,2
02_02_5,3.5
02_03_0,3
02_03_1,1.5
02_03_2,5
02_03_3,0
02_03_4,2
02_03_5,0
02_04_0,6
02_04_1,2
02_05_0,1
02_05_1,1.5
02_05_2,3
02_05_3,2
02_05_4,2.5
02_05_5,1.5
02_06_0,0
02_07_0,1
02_07_1,5
02_08_0,3.5
02_08_1,0
02_09_0,2.5
02_09_1,0
02_10_0,3
02_10_1,3
02_10_2,4.0
02_11_0,3
02_11_1,7
02_12_0,6
02_12_1,3
02_12_2,0
02_12_3,1
02_12_4,2
02_12_5,3
02_12_6,2
02_12_7,1
02_13_0,3
02_13_1,6
02_13_10,0
02_13_11,6.0
02_13_12,4
02_13_2,2
02_13_3,7
02_13_4,5
02_13_5,7.5
02_13_6,0
02_13_7,1.5
02_13_8,4
02_13_9,4.5
02_14_0,10.5
02_14_1,2.0
02_14_2,0
02_14_3,5.0
02_15_0,0
02_15_1,2
02_15_10,1.5
02_15_11,1.0
02_15_2,1.0
02_15_3,0.5
02_15_4,1.5
02_15_5,1
02_15_6,1.5
02_15_7,2
02_15_8,1
02_15_9,2.5
02_16_0,2.0
02_17_0,1.0
02_17_1,3
02_17_2,4
02_17_3,1.5
02_17_4,3
02_18_0,0
02_18_1,2
02_18_2,1
02_18_3,1
02_19_0,1
02_19_1,0
02_19_2,0
02_20_0,0
02_20_1,6
02_20_2,6
02_20_3,15
02_20_4,4
02_20_5,3
02_20_6,6.5
02_20_7,4
02_21_0,1
02_21_1,7.0
02_22_0,0
02_23_0,7.0
02_24_0,1.5
02_25_0,3
02_25_1,2
02_25_10,3
02_25_11,2
02_25_12,5.5
02_25_13,2.5
02_25_14,0.5
02_25_15,8
02_25_16,7.0
02_25_17,7.5
02_25_18,1
02_25_19,1
02_25_2,4.5
02_25_20,9.5
02_25_21,3
02_25_22,3.5
02_25_23,0
02_25_24,0
02_25_25,2
02_25_26,10
02_25_27,6
02_25_28,4
02_25_29,2
02_25_3,0
02_25_30,1
02_25_4,6
02_25_5,1.5
02_25_6,6.5
02_25_7,1.5
02_25_8,2.5
02_25_9,1
02_26_0,1
02_26_1,0
02_26_10,0
02_26_11,2.0
02_26_12,2.5
02_26_2,2
02_26_3,0.5
02_26_4,0.5
02_26_5,1.0
02_26_6,2.5
02_26_7,0.5
02_26_8,1.0
02_26_9,1.0
02_27_0,1
02_27_1,4.5
02_27_2,0.5
02_27_3,0
02_27_4,0
02_28_0,1.5
02_28_1,1.0
02_28_10,1
02_28_11,0
02_28_12,0
02_28_13,0
02_28_14,1
02_28_15,0
02_28_16,0
02_28_17,0
02_28_18,0.5
02_28_19,0
02_28_2,0
02_28_3,0
02_28_4,0
02_28_5,0
02_28_6,1
02_28_7,0.5
02_28_8,0
02_28_9,3
02_29_0,1
02_29_1,5
02_29_10,1.5
02_29_11,0
02_29_12,3
02_29_2,7.0
02_29_3,7.5
02_29_4,16.5
02_29_5,3
02_29_6,6
02_29_7,2
02_29_8,1
02_29_9,3
02_30_0,2.0
02_30_1,0.5
02_30_10,0
02_30_11,2.0
02_30_2,0.5
02_30_3,3.5
02_30_4,9.0
02_30_5,0.5
02_30_6,3.5
02_30_7,1.5
02_30_8,0
02_30_9,5.0
02_31_0,0
02_32_0,0
02_32_1,0
02_32_2,0
02_33_0,1.5
02_34_0,4.0
02_35_0,3.5
02_36_0,1.5
02_36_1,3.0
02_36_2,0.5
02_36_3,0
02_36_4,1
02_36_5,2
02_36_6,0.5
02_36_7,0
02_36_8,0
02_37_0,0
02_37_1,0
02_37_10,4
02_37_11,6.5
02_37_12,8.0
02_37_13,9.0
02_37_14,1
02_37_15,0.5
02_37_16,0.5
02_37_2,2.0
02_37_3,1.5
02_37_4,0
02_37_5,2.5
02_37_6,2.5
02_37_7,9.0
02_37_8,9.5
02_37_9,2
02_38_0,0
02_38_1,1.0
02_38_10,0
02_38_11,0
02_38_12,0.5
02_38_13,2.0
02_38_14,0.5
02_38_15,1
02_38_16,3.5
02_38_17,1
02_38_18,0.5
02_38_19,0
02_38_2,4.0
02_38_20,2.0
02_38_21,7.5
02_38_22,9.0
02_38_23,8.0
02_38_24,4.5
02_38_25,2
02_38_26,0
02_38_27,3
02_38_28,9
02_38_29,8.5
02_38_3,1
02_38_30,2
02_38_31,0
02_38_32,1.5
02_38_33,3.0
02_38_34,4.5
02_38_4,2.0
02_38_5,0.5
02_38_6,4.5
02_38_7,1
02_38_8,1.5
02_38_9,3.5
02_39_0,0
02_39_1,2.5
02_40_0,1.0
02_40_1,0
02_40_2,0
02_40_3,0.5
02_40_4,1.0
02_40_5,1.5
02_41_0,0
02_41_1,0
02_42_0,1.0
02_42_1,0.5
02_42_2,1.5
02_42_3,1.0
02_42_4,1.0
02_42_5,1.5
02_42_6,0
02_42_7,1.5
02_42_8,3.5
02_42_9,0
02_43_0,0.5
02_44_0,0.5
02_44_1,0
02_44_2,1
02_44_3,1
02_44_4,0.5
02_44_5,0
02_44_6,0
02_45_0,1.5
02_45_1,0
02_45_2,1
02_45_3,7.0
02_45_4,5.0
02_45_5,1.5
02_46_0,0.5
02_46_1,0
02_46_10,1.5
02_46_11,1
02_46_12,0.5
02_46_13,3.5
02_46_2,1.0
02_46_3,1
02_46_4,0
02_46_5,0
02_46_6,2.0
02_46_7,2.5
02_46_8,0.5
02_46_9,0
02_47_0,3.0
02_47_1,0
02_47_2,0
02_47_3,0.5
02_47_4,0
02_47_5,0
02_48_0,0
02_48_1,0
02_48_10,1.0
02_48_11,1.5
02_48_12,0
02_48_13,1
02_48_14,1.0
02_48_15,2.5
02_48_16,0.5
02_48_17,5
02_48_18,5.5
02_48_19,2
02_48_2,0
02_48_20,1
02_48_21,0
02_48_22,0
02_48_23,0
02_48_24,1.5
02_48_3,2.5
02_48_4,0
02_48_5,1
02_48_6,1.5
02_48_7,1.0
02_48_8,1
02_48_9,0
02_49_0,1
02_49_1,2.5
02_49_2,4.0
02_49_3,6.5
02_49_4,2.5
02_50_0,0
02_50_1,0
02_50_10,3.0
02_50_11,1.5
02_50_12,1
02_50_2,3.0
02_50_3,0
02_50_4,4.0
02_50_5,0
02_50_6,4.0
02_50_7,0
02_50_8,0
02_50_9,0.5
02_51_0,0
02_51_1,0
02_51_10,1.0
02_51_11,2.5
02_51_12,7.0
02_51_2,0
02_51_3,1
02_51_4,2
02_51_5,2
02_51_6,1.5
02_51_7,1.0
02_51_8,0
02_51_9,0
02_52_0,0.5
02_52_1,6.0
02_52_2,0.5
02_53_0,1.5
02_53_1,2.0
02_53_10,1.5
02_53_11,0
02_53_12,1
02_53_13,0
02_53_14,0.5
02_53_2,0.5
02_53_3,2.5
02_53_4,0.5
02_53_5,1.5
02_53_6,1.5
02_53_7,3.0
02_53_8,0.5
02_53_9,1
02_54_0,0
02_54_1,1.5
02_55_0,0
02_55_1,1.0
02_56_0,1
02_56_1,6.5
02_56_2,5.5
02_57_0,1.5
02_58_0,0.5
02_58_1,1
02_58_2,1.5
02_58_3,0
02_58_4,0
02_58_5,0
02_58_6,1.5
02_59_0,5.5
02_59_1,1.0
02_59_2,2
02_60_0,2
02_61_0,0
02_61_1,2.0
02_61_10,0
02_61_11,1.5
02_61_12,5.0
02_61_13,5.0
02_61_2,3.0
02_61_3,1
02_61_4,1
02_61_5,2.5
02_61_6,0
02_61_7,4.5
02_61_8,1
02_61_9,2.5
02_62_0,0
02_62_1,0.5
02_62_10,1
02_62_11,1.5
02_62_12,0
02_62_13,0
02_62_14,5
02_62_15,5.5
02_62_16,2.0
02_62_17,0.5
02_62_18,2.5
02_62_19,0.5
02_62_2,3.5
02_62_20,2.5
02_62_21,2.5
02_62_22,1
02_62_23,3.5
02_62_24,4.0
02_62_25,0.5
02_62_3,0
02_62_4,1.0
02_62_5,11.0
02_62_6,22.5
02_62_7,2.5
02_62_8,0
02_62_9,1.5
02_63_0,0
02_63_1,6
02_63_10,0
02_63_11,3.5
02_63_12,2.0
02_63_13,0
02_63_14,0
02_63_15,4
02_63_16,6.5
02_63_17,8.0
02_63_18,2
02_63_19,7.5
02_63_2,3
02_63_20,17.0
02_63_21,4.5
02_63_22,8.5
02_63_23,0.5
02_63_24,9.5
02_63_25,6.0
02_63_26,6.0
02_63_27,3
02_63_28,7.5
02_63_29,4.5
02_63_3,4
02_63_30,2.5
02_63_31,3.5
02_63_32,1
02_63_33,1.5
02_63_34,1.5
02_63_4,3
02_63_5,2
02_63_6,5.0
02_63_7,3.0
02_63_8,0.5
02_63_9,2
02_64_0,0.5
02_64_1,0
02_64_2,4.0
02_64_3,2.5
02_65_0,0.5
02_65_1,7.0
02_65_2,5.5
03_01_0,0
03_01_1,0
03_02_0,0.5
03_03_0,0.5
03_03_1,0
03_03_2,0
03_03_3,0
03_03_4,0
03_03_5,1
03_04_0,0.5
03_04_1,0.5
03_04_10,4
03_04_11,4.0
03_04_12,2
03_04_13,3.5
03_04_14,3
03_04_15,2
03_04_16,1
03_04_17,0
03_04_18,2.5
03_04_19,2
03_04_2,1
03_04_20,1
03_04_21,2
03_04_22,0
03_04_23,6.0
03_04_24,3
03_04_25,0.5
03_04_26,3.0
03_04_3,1.5
03_04_4,1.5
03_04_5,1
03_04_6,4.0
03_04_7,1.5
03_04_8,0
03_04_9,1
03_05_0,0.5
03_06_0,1.5
03_06_1,5
03_06_2,1.5
03_06_3,0
03_07_0,0
03_07_1,0.5
03_07_10,0.5
03_07_2,0.5
03_07_3,3
03_07_4,2.5
03_07_5,4
03_07_6,2.5
03_07_7,0.5
03_07_8,1
03_07_9,2.5
03_08_0,1
03_08_1,1.5
03_08_10,0
03_08_11,2.0
03_08_12,1.5
03_08_13,1
03_08_14,7.0
03_08_15,5.0
03_08_2,0.5
03_08_3,2.0
03_08_4,1.5
03_08_5,2.0
03_08_6,0
03_08_7,0
03_08_8,1.5
03_08_9,2.0
03_09_0,0
03_10_0,1
03_10_1,0
03_11_0,0
03_11_1,0
03_11_10,0
03_11_2,0
03_11_3,0.5
03_11_4,0.5
03_11_5,1.0
03_11_6,0.5
03_11_7,1
03_11_8,0
03_11_9,0
03_12_0,1.0
03_12_1,0
03_12_2,0.5
03_12_3,0.5
03_12_4,0
03_12_5,0.5
03_12_6,0
03_12_7,1.5
03_12_8,2.0
03_13_0,0
03_14_0,0
03_14_1,0
03_14_2,0.5
03_14_3,0.5
03_14_4,2
03_15_0,0
03_15_1,0.5
03_15_2,3.0
03_16_0,0
03_17_0,0
03_17_1,1.0
03_17_2,0
03_17_3,0.5
03_17_4,0
03_17_5,0
03_18_0,1
03_18_1,0
03_18_10,2.5
03_18_11,2.5
03_18_2,0
03_18_3,0
03_18_4,0
03_18_5,0
03_18_6,2
03_18_7,6.5
03_18_8,4.5
03_18_9,0
03_19_0,0
03_19_1,0
03_19_2,0
03_20_0,0
03_20_1,0.5
03_21_0,1.0
03_21_1,1.0
03_21_2,2
03_21_3,3.0
03_21_4,5.0
03_21_5,0
03_21_6,1
03_21_7,11.0
03_21_8,2.5
03_21_9,1.5
03_22_0,2.0
03_22_1,3.5
03_22_2,2.5
03_22_3,0.5
03_22_4,0
03_22_5,1.5
03_22_6,2
03_23_0,1
03_23_1,0.5
03_23_2,4
03_23_3,3
03_23_4,0
03_23_5,4.5
03_23_6,1.0
03_24_0,14.0
03_24_1,3.5
03_24_2,7.5
03_24_3,0.5
03_24_4,5
03_24_5,14.5
03_24_6,11.0
03_24_7,2
03_25_0,1.5
03_25_1,0
03_25_2,19.0
03_25_3,0
03_25_4,5
03_25_5,1
03_25_6,2
03_25_7,1.5
03_25_8,2
03_25_9,0
03_26_0,8.5
03_26_1,0
03_27_0,4
03_28_0,2
03_28_1,3.5
03_28_10,0
03_28_11,1.5
03_28_12,2.0
03_28_13,5.5
03_28_14,1.5
03_28_15,4.0
03_28_16,1.5
03_28_17,0
03_28_18,0
03_28_19,0
03_28_2,4.0
03_28_20,0
03_28_21,4
03_28_22,2.5
03_28_23,3
03_28_24,0
03_28_25,0.5
03_28_26,0.5
03_28_3,0.5
03_28_4,1
03_28_5,1
03_28_6,0.5
03_28_7,3
03_28_8,6
03_28_9,1
03_29_0,0
03_30_0,1
03_30_1,0
03_30_2,0
03_30_3,1.5
03_31_0,4.0
03_31_1,10.5
03_32_0,0.5
03_32_1,1.5
03_32_2,0
03_33_0,5.0
03_34_0,4.0
03_35_0,0
03_35_1,0.5
03_36_0,0
03_36_1,1
03_37_0,0.5
03_37_1,0
03_37_10,0
03_37_11,3.0
03_37_12,1
03_37_13,0
03_37_14,1.5
03_37_15,3
03_37_16,5.0
03_37_17,5.0
03_37_18,5.5
03_37_19,1.5
03_37_2,2.0
03_37_20,3.0
03_37_21,2.0
03_37_22,4.5
03_37_23,14.0
03_37_24,5.5
03_37_25,3.5
03_37_26,2.0
03_37_27,4.5
03_37_28,0
03_37_29,0.5
03_37_3,2
03_37_30,1
03_37_31,3.0
03_37_32,2.0
03_37_33,0
03_37_34,5.5
03_37_35,6
03_37_36,1
03_37_37,0.5
03_37_4,13.0
03_37_5,10.0
03_37_6,1
03_37_7,1.5
03_37_8,2.0
03_37_9,0.5
03_38_0,0
03_39_0,7.5
03_39_1,4.5
03_40_0,0
03_40_1,0
03_40_2,0
03_40_3,2
03_40_4,0
03_40_5,0
03_40_6,0
03_40_7,0
03_41_0,0
03_41_1,0.5
03_41_2,1.0
03_41_3,2
03_42_0,0
03_43_0,0
03_43_1,0.5
03_43_10,1.0
03_43_2,1
03_43_3,0
03_43_4,10.0
03_43_5,1.0
03_43_6,1.5
03_43_7,0
03_43_8,0
03_43_9,1
03_44_0,0
03_44_1,0
03_44_2,0
03_44_3,0.5
03_45_0,0
03_45_1,0
03_45_10,2.5
03_45_11,2.0
03_45_12,4.0
03_45_13,1.5
03_45_14,0.5
03_45_15,0.5
03_45_16,4.0
03_45_17,0.5
03_45_18,1
03_45_19,1
03_45_2,0
03_45_20,0
03_45_21,0
03_45_22,0
03_45_23,3.0
03_45_24,0
03_45_25,1
03_45_3,0
03_45_4,0
03_45_5,0
03_45_6,0
03_45_7,0
03_45_8,0.5
03_45_9,1
03_46_0,7.0
03_46_1,5.0
03_46_2,6.0
03_47_0,1.0
03_48_0,1.0
03_49_0,1.0
03_50_0,1.5
03_50_1,0
03_50_10,7.0
03_50_11,1.5
03_50_12,4.5
03_50_13,2.5
03_50_2,0.5
03_50_3,1
03_50_4,0
03_50_5,2
03_50_6,3
03_50_7,2
03_50_8,3
03_50_9,2
03_51_0,0
03_52_0,1.0
03_52_1,1
03_52_2,0
03_52_3,0.5
03_52_4,1
03_52_5,5.5
03_53_0,4.5
03_53_1,0
03_53_2,1
03_53_3,3
03_53_4,3.5
03_53_5,5.5
03_53_6,2.5
03_53_7,5
03_53_8,6
03_53_9,2
03_54_0,0.5
03_54_1,7.5
03_55_0,2
03_55_1,0
03_55_2,0.5
03_55_3,0.5
03_55_4,0
03_55_5,2
03_56_0,2
03_56_1,3.0
03_56_2,4.5
03_57_0,0
03_57_1,0
03_57_10,8.0
03_57_11,3
03_57_12,3.5
03_57_13,2.5
03_57_14,1
03_57_15,0
03_57_16,4.0
03_57_17,6.5
03_57_18,1.5
03_57_19,4.0
03_57_2,2
03_57_20,0.5
03_57_21,0.5
03_57_22,7.0
03_57_23,3
03_57_24,7.5
03_57_25,5.0
03_57_26,5.5
03_57_27,7.0
03_57_28,7.5
03_57_29,16.0
03_57_3,0
03_57_30,12.0
03_57_31,11.0
03_57_32,20.5
03_57_33,5.0
03_57_34,3
03_57_35,7.0
03_57_36,4.0
03_57_37,9.0
03_57_38,4.5
03_57_39,18.0
03_57_4,1
03_57_40,10.0
03_57_41,14.0
03_57_42,7.0
03_57_43,5.0
03_57_44,3.5
03_57_45,6.5
03_57_46,5
03_57_47,2
03_57_48,5
03_57_49,2.0
03_57_5,0
03_57_50,2.0
03_57_51,0
03_57_52,0
03_57_53,1
03_57_54,4.0
03_57_6,0
03_57_7,0.5
03_57_8,0
03_57_9,1
03_58_0,0
03_58_1,0
03_58_2,0.5
03_58_3,0.5
03_58_4,2.5
03_58_5,0
03_58_6,1
03_58_7,1.5
03_59_0,0
03_59_1,2.0
03_59_2,1.5
03_59_3,0
03_59_4,2.5
03_59_5,0.5
03_59_6,1.5
03_60_0,1.0
03_60_1,0
03_61_0,0
03_61_1,0
03_61_2,0.5
03_61_3,0
03_61_4,0
03_61_5,0
03_62_0,0
03_62_1,0
03_63_0,1
03_64_0,0
03_65_0,0
03_65_1,1
03_66_0,1
03_66_1,1
03_67_0,2
03_67_1,0
03_67_2,0.5
03_67_3,0.5
03_67_4,1
03_67_5,0
03_67_6,1.5
03_68_0,0.5
03_69_0,1.5
03_70_0,2
03_71_0,1
03_71_1,0
03_71_2,0
03_71_3,0
03_71_4,0
03_72_0,0
03_72_1,2.5
04_01_0,0
04_01_1,1
04_01_10,1.0
04_01_100,0
04_01_101,4
04_01_102,2
04_01_103,0
04_01_104,3
04_01_105,2
04_01_106,3.5
04_01_107,0
04_01_108,0
04_01_109,0
04_01_11,0
04_01_110,1
04_01_111,0.5
04_01_112,0
04_01_113,1.0
04_01_12,0
04_01_13,0
04_01_14,0
04_01_15,0
04_01_16,0
04_01_17,0
04_01_18,9.5
04_01_19,13.5
04_01_2,6
04_01_20,2.0
04_01_21,5.5
04_01_22,8.0
04_01_23,10.0
04_01_24,3.0
04_01_25,6.0
04_01_26,15.5
04_01_27,5.5
04_01_28,9.5
04_01_29,4.5
04_01_3,0
04_01_30,6.0
04_01_31,12.5
04_01_32,10.0
04_01_33,11.0
04_01_34,1
04_01_35,2.5
04_01_36,4.0
04_01_37,2
04_01_38,4.5
04_01_39,5.0
04_01_4,1
04_01_40,10.0
04_01_41,1.5
04_01_42,2
04_01_43,1.0
04_01_44,3.0
04_01_45,6.0
04_01_46,3.5
04_01_47,0
04_01_48,0
04_01_49,1
04_01_5,0
04_01_50,2
04_01_51,2.0
04_01_52,0
04_01_53,1
04_01_54,2.0
04_01_55,1
04_01_56,1.0
04_01_57,0.5
04_01_58,0
04_01_59,0
04_01_6,1.0
04_01_60,2.5
04_01_61,1.0
04_01_62,4
04_01_63,9.0
04_01_64,0
04_01_65,1.0
04_01_66,0
04_01_67,0
04_01_68,1.5
04_01_69,1.5
04_01_7,1
04_01_70,0.5
04_01_71,8.5
04_01_72,6.0
04_01_73,3.5
04_01_74,5.5
04_01_75,4.5
04_01_76,2.0
04_01_77,0.5
04_01_78,0
04_01_79,0
04_01_8,7.0
04_01_80,1
04_01_81,0
04_01_82,1.5
04_01_83,1
04_01_84,0
04_01_85,3.0
04_01_86,0
04_01_87,0.5
04_01_88,0
04_01_89,1.5
04_01_9,3
04_01_90,1
04_01_91,1
04_01_92,1.5
04_01_93,0.5
04_01_94,11.5
04_01_95,6
04_01_96,1
04_01_97,2
04_01_98,1
04_01_99,0.5
04_02_0,0.5
04_03_0,6
04_03_1,12.0
04_03_10,3.0
04_03_11,11.5
04_03_12,3
04_03_13,10.0
04_03_14,2
04_03_15,5.5
04_03_16,9.0
04_03_17,4
04_03_18,9.0
04_03_19,11.5
04_03_2,10.5
04_03_20,14.0
04_03_21,7.0
04_03_22,7.0
04_03_23,3.5
04_03_24,4.5
04_03_25,11.5
04_03_26,10.5
04_03_27,12.5
04_03_28,11.0
04_03_29,17.0
04_03_3,12.5
04_03_30,16.5
04_03_31,12.5
04_03_32,6.0
04_03_33,8.0
04_03_34,1
04_03_35,0
04_03_36,6.5
04_03_37,7
04_03_38,4.5
04_03_39,3.0
04_03_4,16.5
04_03_40,6.0
04_03_5,3
04_03_6,1.5
04_03_7,2
04_03_8,4.5
04_03_9,4.5
04_04_0,1
04_04_1,6
04_04_10,4.5
04_04_11,2.0
04_04_12,3.5
04_04_13,9.0
04_04_14,2.0
04_04_15,14.5
04_04_16,4
04_04_17,7.5
04_04_18,7.5
04_04_19,7.5
04_04_2,1
04_04_20,2
04_04_21,1.5
04_04_22,4.5
04_04_23,2.5
04_04_24,5.0
04_04_25,0.5
04_04_26,1
04_04_27,4.5
04_04_28,2
04_04_29,1
04_04_3,8
04_04_30,1.0
04_04_31,10.0
04_04_32,6
04_04_33,0
04_04_34,8.0
04_04_4,2.5
04_04_5,2.5
04_04_6,0
04_04_7,7.5
04_04_8,0
04_04_9,2.0
04_05_0,0
04_06_0,0.5
04_07_0,3
04_07_1,3.5
04_08_0,1
04_09_0,0
04_10_0,0
04_11_0,3
04_12_0,0.5
04_13_0,5
04_14_0,0
04_14_1,4.0
04_15_0,0
04_16_0,0
04_16_1,1
04_17_0,1
04_18_0,4
04_19_0,7.5
04_20_0,6
04_21_0,13.5
04_22_0,3.5
04_22_1,11.5
04_22_2,11.0
04_22_3,10.5
04_22_4,11
04_23_0,0
04_24_0,1.5
04_25_0,1
04_26_0,1
04_27_0,0
04_28_0,0
04_29_0,2
04_30_0,1
04_31_0,7.5
04_31_1,20.0
04_31_2,16.0
04_31_3,9.0
04_32_0,1
04_32_1,11.0
04_32_10,13.0
04_32_11,12.0
04_32_12,2.5
04_32_13,7.0
04_32_14,5
04_32_15,2.5
04_32_16,11
04_32_17,2
04_32_18,0
04_32_19,7
04_32_2,0.5
04_32_20,6.0
04_32_3,2
04_32_4,5.5
04_32_5,2.5
04_32_6,2
04_32_7,3
04_32_8,4
04_32_9,1.5
04_33_0,5.0
04_34_0,0
04_35_0,1.5
04_36_0,2
04_37_0,3
04_38_0,3.5
04_39_0,1
04_40_0,2
04_41_0,0
04_42_0,3
04_43_0,0
04_44_0,2
04_45_0,0
04_46_0,7.5
04_46_1,12.0
04_46_2,5.5
04_46_3,5
04_46_4,7
04_46_5,19.0
04_47_0,3.5
04_47_1,4.5
04_47_2,5.0
04_47_3,11.0
04_47_4,5.5
04_47_5,14.0
04_47_6,4.0
04_47_7,1
04_48_0,2.5
04_49_0,1
04_50_0,0
04_50_1,0
04_50_10,5.5
04_50_11,3.5
04_50_12,13.5
04_50_13,4.5
04_50_14,4.0
04_50_15,3
04_50_16,3.0
04_50_17,1.5
04_50_18,0
04_50_19,0
04_50_2,2
04_50_20,7.0
04_50_21,1.5
04_50_22,1
04_50_23,0
04_50_24,1
04_50_25,1.0
04_50_26,1
04_50_27,0
04_50_28,0.5
04_50_29,6.5
04_50_3,1.0
04_50_30,0.5
04_50_31,0
04_50_32,2
04_50_33,0
04_50_34,2.5
04_50_35,9
04_50_36,6.0
04_50_37,1.5
04_50_38,1.5
04_50_39,2.5
04_50_4,5.0
04_50_40,0
04_50_5,2
04_50_6,7.0
04_50_7,3.0
04_50_8,6.0
04_50_9,7
04_51_0,3
04_52_0,1
04_52_1,3.5
04_52_2,0.5
04_52_3,3
04_52_4,2.5
04_53_0,5.5
04_53_1,6.5
04_54_0,1
04_55_0,1
04_56_0,1.5
04_57_0,0.5
04_58_0,0
04_59_0,11.5
05_01_0,9
05_01_1,8.5
05_01_10,0.5
05_01_11,3
05_01_12,5.5
05_01_13,2
05_01_14,3.5
05_01_15,7
05_01_16,2
05_01_17,10.5
05_01_18,14.0
05_01_19,21.5
05_01_2,3.0
05_01_20,22.0
05_01_21,18.0
05_01_22,8.5
05_01_23,12.5
05_01_24,9.0
05_01_25,21.5
05_01_26,21.0
05_01_27,23.5
05_01_28,12.0
05_01_29,23.0
05_01_3,2
05_01_30,18.0
05_01_31,23.0
05_01_32,11.0
05_01_33,13.5
05_01_34,19.0
05_01_35,20.5
05_01_36,9.5
05_01_37,11
05_01_38,18.0
05_01_39,13.0
05_01_4,3
05_01_40,20.0
05_01_41,23.0
05_01_42,17.5
05_01_43,17.0
05_01_44,12.0
05_01_45,15.5
05_01_46,7.5
05_01_47,6.5
05_01_48,1.0
05_01_49,8.5
05_01_5,6
05_01_50,20.0
05_01_51,9.0
05_01_52,4.5
05_01_53,3
05_01_54,1
05_01_55,5.0
05_01_56,3.0
05_01_57,1
05_01_58,12.0
05_01_59,3.0
05_01_6,3.5
05_01_60,3.0
05_01_61,5.5
05_01_62,4.5
05_01_63,2
05_01_64,1
05_01_65,6.5
05_01_66,0.5
05_01_7,9.0
05_01_8,1
05_01_9,3
05_02_0,8.5
05_03_0,0
05_04_0,2
05_04_1,2
05_05_0,0.5
05_06_0,3.0
05_07_0,2.5
05_08_0,2.5
05_09_0,1.0
05_09_1,1.5
05_09_2,4.5
05_09_3,4.5
05_09_4,9.0
05_09_5,8.0
05_10_0,1.0
05_10_1,0
05_10_10,5.0
05_10_11,2.5
05_10_12,1
05_10_13,0.5
05_10_14,0
05_10_15,0
05_10_16,1.5
05_10_17,3.5
05_10_18,2.5
05_10_19,0.5
05_10_2,0
05_10_20,0.5
05_10_21,1.5
05_10_22,9.5
05_10_23,0
05_10_24,1.5
05_10_25,0.5
05_10_26,4.0
05_10_27,3.5
05_10_28,1
05_10_29,0
05_10_3,1.5
05_10_30,4.5
05_10_31,7.5
05_10_32,5.0
05_10_33,1
05_10_34,0
05_10_4,8
05_10_5,0.5
05_10_6,0
05_10_7,0
05_10_8,1.5
05_10_9,2.0
05_11_0,5.0
05_11_1,7.0
05_11_2,12.0
05_12_0,0.5
05_13_0,2.0
05_14_0,0
05_14_1,3.5
05_14_2,1
05_14_3,3.0
05_14_4,1.5
05_15_0,0.5
05_15_1,1.0
05_16_0,5.0
05_16_1,1
05_16_2,0
05_16_3,1.5
05_16_4,1.5
05_16_5,5.5
05_16_6,4.0
05_17_0,1
05_17_1,6.0
05_17_10,10
05_17_11,13.5
05_17_12,13.0
05_17_13,12.5
05_17_14,27.5
05_17_15,22.0
05_17_16,16.0
05_17_17,9.5
05_17_18,5.5
05_17_19,7.5
05_17_2,3.5
05_17_20,22.0
05_17_21,7.5
05_17_22,4
05_17_23,10.0
05_17_24,9.5
05_17_25,5.5
05_17_26,7.5
05_17_27,6.0
05_17_28,1
05_17_29,3
05_17_3,0.5
05_17_30,11
05_17_4,8.0
05_17_5,11.5
05_17_6,12.5
05_17_7,19.0
05_17_8,12.5
05_17_9,16.0
05_18_0,7.5
05_18_1,18.0
05_18_10,8.0
05_18_11,2
05_18_12,4.0
05_18_13,5.5
05_18_14,6
05_18_15,4
05_18_2,6.5
05_18_3,7.5
05_18_4,5.0
05_18_5,5.0
05_18_6,8.0
05_18_7,6.0
05_18_8,21
05_18_9,8.0
05_19_0,0.5
05_20_0,1
05_20_1,1.0
05_21_0,0
05_21_1,0
05_21_2,5
05_22_0,0
05_22_1,3
05_22_2,1
05_22_3,1.5
05_22_4,3.5
05_22_5,4.5
05_23_0,1.5
05_23_1,2.5
05_24_0,1.0
05_24_1,0
05_24_10,0.5
05_24_11,1.0
05_24_2,1.5
05_24_3,0.5
05_24_4,0
05_24_5,0.5
05_24_6,1.5
05_24_7,0
05_24_8,2.0
05_24_9,5.5
05_25_0,0
05_25_1,2.0
05_25_10,0.5
05_25_11,4
05_25_12,1.5
05_25_13,1.5
05_25_2,0
05_25_3,2
05_25_4,0
05_25_5,1
05_25_6,0
05_25_7,6
05_25_8,1
05_25_9,2
05_26_0,5.5
05_26_1,5.5
05_26_2,0
05_27_0,0
05_27_1,1
05_28_0,1.5
05_28_1,1.5
05_29_0,0
05_30_0,3.0
05_31_0,0
05_31_1,2.5
05_31_10,1.5
05_31_11,0
05_31_12,0
05_31_2,1.0
05_31_3,3.5
05_31_4,1.5
05_31_5,4.0
05_31_6,1.0
05_31_7,0
05_31_8,4.0
05_31_9,0.5
05_32_0,0
05_32_1,0
05_32_10,3.5
05_32_11,2
05_32_12,0.5
05_32_13,2.5
05_32_14,4.5
05_32_15,0
05_32_16,2.5
05_32_17,1.0
05_32_18,1.5
05_32_2,1
05_32_3,3
05_32_4,2.5
05_32_5,4.5
05_32_6,9.5
05_32_7,2.5
05_32_8,1.5
05_32_9,0
05_33_0,0
05_34_0,0.5
05_35_0,3.5
05_35_1,4
05_35_2,4.5
05_36_0,4.0
05_36_1,5.5
05_37_0,0
05_38_0,0.5
05_39_0,7.0
05_40_0,2.5
05_40_1,1.5
05_40_2,0.5
05_41_0,1.5
05_42_0,8.5
05_43_0,5.5
05_43_1,3.5
05_43_2,4.0
05_43_3,4.5
05_44_0,0
05_45_0,1
05_46_0,4.0
05_47_0,4
05_48_0,0
05_49_0,0
05_50_0,1
05_51_0,4
05_52_0,4
05_53_0,1
05_54_0,0
05_54_1,1.5
05_54_10,2.5
05_54_11,14.0
05_54_12,4
05_54_13,3
05_54_14,4.5
05_54_15,3.0
05_54_16,1
05_54_17,3.5
05_54_18,3.5
05_54_19,4.5
05_54_2,0
05_54_20,19.5
05_54_21,3.5
05_54_3,0.5
05_54_4,1
05_54_5,19.5
05_54_6,9.0
05_54_7,5.5
05_54_8,2.5
05_54_9,5.5
05_55_0,5
05_56_0,9.0
05_57_0,4.5
05_57_1,2
05_58_0,0
05_58_1,1
05_58_2,0.5
05_58_3,0
05_58_4,2.5
05_58_5,0
05_58_6,0
05_58_7,1
05_59_0,0.5
05_60_0,0
05_61_0,1
05_61_1,0
05_61_10,0.5
05_61_11,2.0
05_61_12,1.5
05_61_13,4.5
05_61_14,1
05_61_15,0
05_61_16,2.5
05_61_17,5.5
05_61_18,0
05_61_19,0.5
05_61_2,0
05_61_20,4.5
05_61_21,11
05_61_22,6
05_61_23,1
05_61_24,3.5
05_61_25,0
05_61_26,1
05_61_27,0
05_61_28,1
05_61_29,0
05_61_3,1
05_61_30,0
05_61_31,0.5
05_61_32,3
05_61_33,3.0
05_61_34,4.5
05_61_35,2.0
05_61_36,0.5
05_61_37,0
05_61_38,1
05_61_39,5.0
05_61_4,0
05_61_5,5.5
05_61_6,5.0
05_61_7,3.0
05_61_8,2
05_61_9,1
05_62_0,0
05_62_1,0.5
05_62_10,1.0
05_62_100,1.5
05_62_101,2.0
05_62_102,0.5
05_62_11,1.0
05_62_12,2.0
05_62_13,3.5
05_62_14,3.5
05_62_15,2.0
05_62_16,5.5
05_62_17,6.0
05_62_18,5
05_62_19,3.0
05_62_2,4.5
05_62_20,13.0
05_62_21,6.5
05_62_22,6.5
05_62_23,7.0
05_62_24,8.0
05_62_25,4
05_62_26,3
05_62_27,2.5
05_62_28,1.5
05_62_29,6.0
05_62_3,5.5
05_62_30,4.5
05_62_31,4.0
05_62_32,1.5
05_62_33,0.5
05_62_34,7.5
05_62_35,1.5
05_62_36,0.5
05_62_37,0
05_62_38,0
05_62_39,2.0
05_62_4,0
05_62_40,6
05_62_41,2.5
05_62_42,4.0
05_62_43,1.5
05_62_44,3.5
05_62_45,3
05_62_46,5.5
05_62_47,3
05_62_48,0
05_62_49,0.5
05_62_5,0.5
05_62_50,7
05_62_51,7.5
05_62_52,4.0
05_62_53,2
05_62_54,3.5
05_62_55,3.5
05_62_56,1
05_62_57,0
05_62_58,0
05_62_59,2
05_62_6,2.0
05_62_60,6.5
05_62_61,3
05_62_62,6.5
05_62_63,14.5
05_62_64,2.0
05_62_65,0.5
05_62_66,0
05_62_67,0
05_62_68,5
05_62_69,1
05_62_7,2.0
05_62_70,2
05_62_71,22.0
05_62_72,7
05_62_73,0
05_62_74,2
05_62_75,1.0
05_62_76,1.5
05_62_77,2.0
05_62_78,1.5
05_62_79,3
05_62_8,2
05_62_80,2
05_62_81,0
05_62_82,0.5
05_62_83,0.5
05_62_84,0.5
05_62_85,0
05_62_86,2
05_62_87,1.5
05_62_88,2.5
05_62_89,4.5
05_62_9,0
05_62_90,4.5
05_62_91,2.0
05_62_92,1.5
05_62_93,1
05_62_94,8.5
05_62_95,1
05_62_96,0
05_62_97,1.0
05_62_98,3
05_62_99,0
05_63_0,0
05_64_0,0
05_65_0,3
05_66_0,1
05_66_1,0
05_67_0,1.5
05_68_0,6
05_69_0,2.5
05_69_1,6.0
05_69_2,6
05_69_3,3.5
05_69_4,5.5
05_70_0,5.5
05_70_1,2.5
05_71_0,0
05_71_1,2.5
05_71_10,1.5
05_71_11,1
05_71_12,1.5
05_71_13,1.5
05_71_14,0
05_71_15,0
05_71_16,5.0
05_71_17,0.5
05_71_18,1
05_71_19,1
05_71_2,0
05_71_20,3.0
05_71_21,0
05_71_22,1
05_71_23,4.5
05_71_24,1
05_71_25,0
05_71_26,4.0
05_71_27,2
05_71_28,3
05_71_29,13.0
05_71_3,2
05_71_30,1.5
05_71_31,0
05_71_32,1
05_71_33,0
05_71_34,1.5
05_71_35,0
05_71_36,0
05_71_37,4.0
05_71_38,3
05_71_39,0
05_71_4,1
05_71_40,1
05_71_41,2
05_71_42,1
05_71_43,7.5
05_71_44,1.5
05_71_45,6.0
05_71_46,1.5
05_71_47,8
05_71_48,1
05_71_5,4
05_71_6,7.5
05_71_7,3.5
05_71_8,2
05_71_9,0.5
05_72_0,2.0
05_72_1,3
05_72_2,1.5
05_72_3,3
05_72_4,0
05_72_5,0
05_72_6,1.5
06_01_0,3.0
06_01_1,1
06_01_2,1
06_01_3,1.0
06_01_4,0.5
06_01_5,2.5
06_01_6,1.5
06_01_7,3
06_01_8,1.5
06_01_9,1
06_02_0,4
06_02_1,3
06_02_10,0.5
06_02_11,0.5
06_02_12,0
06_02_13,0
06_02_2,0.5
06_02_3,1.0
06_02_4,0
06_02_5,2
06_02_6,3.0
06_02_7,1
06_02_8,0.5
06_02_9,3
06_03_0,1.0
06_04_0,1.5
06_04_1,1
06_05_0,0
06_05_1,0
06_05_2,0
06_05_3,0.5
06_06_0,0
06_07_0,1.0
06_07_1,2
06_07_2,2
06_07_3,3
06_08_0,0
06_08_1,1.5
06_08_2,2.5
06_08_3,4
06_08_4,3.0
06_08_5,1.5
06_08_6,4.5
06_08_7,6.0
06_09_0,3.0
06_09_1,1.0
06_09_10,10.0
06_09_11,7.0
06_09_2,8.0
06_09_3,7.0
06_09_4,2.0
06_09_5,2.0
06_09_6,4
06_09_7,6.5
06_09_8,13.5
06_09_9,18.0
06_10_0,4.0
06_11_0,0.5
06_12_0,0
06_12_1,1
06_12_2,0.5
06_12_3,1.5
06_12_4,0.5
06_13_0,4.5
06_14_0,5
06_14_1,4
06_15_0,1.5
06_15_1,1.5
06_15_10,0.5
06_15_11,2.5
06_15_12,3.0
06_15_13,1.0
06_15_14,0.5
06_15_15,0
06_15_16,1.0
06_15_17,1.5
06_15_18,0
06_15_19,1.0
06_15_2,0
06_15_20,0.5
06_15_3,0.5
06_15_4,1.5
06_15_5,1.5
06_15_6,0.5
06_15_7,0.5
06_15_8,0
06_15_9,5.0
06_16_0,0
06_16_1,1
06_16_10,6.5
06_16_11,7.5
06_16_12,5.0
06_16_13,2
06_16_14,0
06_16_15,0
06_16_16,1
06_16_17,0
06_16_18,3
06_16_19,8.0
06_16_2,5.0
06_16_20,4.5
06_16_21,2
06_16_3,3.5
06_16_4,1.0
06_16_5,1.0
06_16_6,0
06_16_7,2.0
06_16_8,0.5
06_16_9,2.0
06_17_0,0.5
06_17_1,0
06_18_0,3.0
06_19_0,1
06_20_0,0.5
06_21_0,1.0
06_22_0,2
06_22_1,5.0
06_22_10,0.5
06_22_2,2
06_22_3,2
06_22_4,2.5
06_22_5,7.0
06_22_6,1.5
06_22_7,0
06_22_8,0
06_22_9,1
06_23_0,2.0
06_24_0,3.5
06_24_1,13.0
06_25_0,4.5
06_25_1,0
06_25_10,2.0
06_25_11,5.5
06_25_12,5.5
06_25_13,1.0
06_25_14,1.5
06_25_2,0
06_25_3,0
06_25_4,1
06_25_5,0.5
06_25_6,3.5
06_25_7,0
06_25_8,1.5
06_25_9,0
06_26_0,0
06_26_1,0
06_26_10,0.5
06_26_11,0.5
06_26_12,4.5
06_26_13,6
06_26_14,2
06_26_15,0
06_26_16,0
06_26_17,0
06_26_18,3.5
06_26_19,8.0
06_26_2,3
06_26_20,4.0
06_26_21,0
06_26_22,2.5
06_26_23,0
06_26_24,4.5
06_26_25,2.5
06_26_26,2.0
06_26_3,0
06_26_4,0
06_26_5,0
06_26_6,1.5
06_26_7,2.5
06_26_8,1
06_26_9,0
06_27_0,0
06_27_1,2
06_27_10,0
06_27_11,3.5
06_27_12,2.0
06_27_13,1.5
06_27_14,0
06_27_15,1
06_27_16,0
06_27_17,1.5
06_27_18,0
06_27_19,0
06_27_2,3.0
06_27_20,0
06_27_21,0.5
06_27_22,3.5
06_27_23,7.0
06_27_24,6.5
06_27_25,3.0
06_27_26,0
06_27_27,1
06_27_28,6.0
06_27_29,2.5
06_27_3,1
06_27_30,0
06_27_31,3.0
06_27_32,8.5
06_27_33,0
06_27_34,0.5
06_27_35,4
06_27_36,6.5
06_27_37,2.5
06_27_38,0.5
06_27_39,2.5
06_27_4,6
06_27_40,0
06_27_41,3.0
06_27_5,1
06_27_6,1
06_27_7,0.5
06_27_8,1.0
06_27_9,2
06_28_0,0
06_28_1,4
06_28_10,12.0
06_28_11,4.0
06_28_12,4.0
06_28_13,4.5
06_28_14,1
06_28_15,5.5
06_28_16,0.5
06_28_17,1.5
06_28_18,1.0
06_28_19,0
06_28_2,0
06_28_20,0
06_28_21,7.0
06_28_3,12.0
06_28_4,1
06_28_5,2
06_28_6,1
06_28_7,5.0
06_28_8,6.0
06_28_9,2.5
06_29_0,1
06_29_1,0.5
06_29_10,5.5
06_29_11,1.5
06_29_12,3.5
06_29_13,1.5
06_29_14,0
06_29_15,2
06_29_16,5
06_29_17,0.5
06_29_18,2.5
06_29_19,3.0
06_29_2,2.5
06_29_20,2
06_29_21,2.0
06_29_22,7.0
06_29_23,4.5
06_29_3,1.5
06_29_4,3.0
06_29_5,10.5
06_29_6,0
06_29_7,0
06_29_8,2
06_29_9,10.5
06_30_0,3.0
06_31_0,2.5
06_32_0,1
06_32_1,2.0
06_32_2,1
06_33_0,0.5
06_33_1,3.5
06_33_2,13.0
06_33_3,1
06_34_0,1.0
06_35_0,6.0
06_35_1,13.0
06_36_0,1
06_36_1,5.0
06_36_10,2.0
06_36_11,2.0
06_36_12,4.5
06_36_13,3.5
06_36_14,20.5
06_36_15,3.0
06_36_16,3.0
06_36_17,13.0
06_36_18,10.0
06_36_19,8.0
06_36_2,2.5
06_36_20,2.0
06_36_3,1.5
06_36_4,0
06_36_5,3.0
06_36_6,3.5
06_36_7,15.0
06_36_8,10.5
06_36_9,2
06_37_0,1.5
06_37_1,6.0
06_37_2,3.0
06_37_3,1.0
06_37_4,0
06_37_5,3
06_37_6,1.5
06_37_7,0
06_37_8,0.5
06_38_0,11
06_39_0,2
06_39_1,0
06_39_10,5.0
06_39_11,1.5
06_39_12,1.5
06_39_13,0.5
06_39_14,4.5
06_39_15,5.5
06_39_16,7.0
06_39_17,11.0
06_39_18,15.0
06_39_19,10.5
06_39_2,0
06_39_20,6.5
06_39_21,4.5
06_39_22,0
06_39_23,1.5
06_39_24,1
06_39_25,0
06_39_26,0
06_39_27,1
06_39_28,2
06_39_29,2.0
06_39_3,0.5
06_39_30,0.5
06_39_31,3
06_39_32,0
06_39_33,3.5
06_39_34,1
06_39_35,4.0
06_39_36,2
06_39_37,0.5
06_39_4,1.0
06_39_5,1
06_39_6,0
06_39_7,2.0
06_39_8,3.5
06_39_9,4.5
06_40_0,7.0
06_40_1,6.0
06_40_10,3.5
06_40_11,3.0
06_40_12,7.0
06_40_13,3.0
06_40_14,7.5
06_40_15,10.5
06_40_16,5.0
06_40_17,2.0
06_40_18,2.5
06_40_19,3.0
06_40_2,3.0
06_40_20,1.5
06_40_21,0
06_40_22,3.0
06_40_3,12.5
06_40_4,6.0
06_40_5,0.5
06_40_6,2.5
06_40_7,3.0
06_40_8,7
06_40_9,2
06_41_0,0
06_41_1,1.5
06_41_10,0
06_41_11,0.5
06_41_12,6.5
06_41_13,7.5
06_41_14,0
06_41_15,1
06_41_16,0
06_41_17,2
06_41_18,2
06_41_19,5.5
06_41_2,6.0
06_41_20,2
06_41_21,1
06_41_22,4.5
06_41_23,0.5
06_41_24,0
06_41_25,3.5
06_41_26,4
06_41_27,1.5
06_41_28,0
06_41_29,2
06_41_3,2
06_41_30,0
06_41_31,1
06_41_32,0
06_41_4,0
06_41_5,3
06_41_6,1.5
06_41_7,0
06_41_8,2
06_41_9,1.0
06_42_0,6.0
06_42_1,1.5
06_42_2,0
06_42_3,2.0
06_42_4,4
06_42_5,2
06_42_6,2.5
06_42_7,0
06_42_8,0
06_43_0,8.5
06_44_0,0
06_44_1,0.5
06_44_10,0
06_44_11,4.0
06_44_12,2.0
06_44_13,4
06_44_14,2.0
06_44_15,2.0
06_44_16,1.5
06_44_17,1
06_44_18,1.5
06_44_19,1
06_44_2,3.5
06_44_20,1.5
06_44_21,0
06_44_22,1
06_44_23,4.0
06_44_24,2
06_44_3,3
06_44_4,5
06_44_5,3
06_44_6,4
06_44_7,1.5
06_44_8,2.5
06_44_9,0
06_45_0,0
06_45_1,0.5
06_45_2,0.5
06_45_3,0
06_45_4,1.0
06_46_0,2
06_46_1,7
06_46_2,22.5
06_46_3,4
06_47_0,9.0
06_48_0,0
06_48_1,0.5
06_48_2,2.0
06_48_3,1.5
06_48_4,0.5
06_48_5,1.0
06_48_6,1.0
06_49_0,1
06_49_1,2.5
06_50_0,5.0
06_51_0,1
06_52_0,2
06_53_0,3.5
06_53_1,8.0
06_53_2,14.0
06_53_3,8.0
06_54_0,5.5
06_54_1,16.5
06_54_2,8.5
06_54_3,12.0
06_54_4,0.5
06_55_0,0.5
06_55_1,0
06_55_2,1.0
06_55_3,3.5
06_55_4,1.5
06_55_5,1.0
06_55_6,0
06_55_7,0
06_56_0,0
06_56_1,0
06_56_2,0
06_56_3,1
06_56_4,0
06_56_5,0
06_56_6,1.5
06_56_7,1
06_56_8,2
06_57_0,0
06_57_1,1.5
06_57_2,1.0
06_58_0,0
06_58_1,0
06_58_2,0
06_58_3,2.5
06_58_4,0
06_58_5,2.5
06_58_6,1.5
06_59_0,15.5
06_60_0,4.5
06_60_1,12.5
06_60_10,8.5
06_60_11,1.5
06_60_12,8.5
06_60_13,1.5
06_60_14,3.5
06_60_15,8.0
06_60_16,11.5
06_60_17,5.5
06_60_18,15.0
06_60_19,11.5
06_60_2,9.0
06_60_20,12.5
06_60_21,12.0
06_60_22,16.0
06_60_23,12.5
06_60_24,8.5
06_60_25,20.0
06_60_26,17.5
06_60_27,12.0
06_60_28,2
06_60_29,8.5
06_60_3,11.0
06_60_30,7.5
06_60_31,3.5
06_60_32,8.0
06_60_33,12.0
06_60_34,7
06_60_35,10.0
06_60_36,7.0
06_60_37,6.5
06_60_38,5.0
06_60_39,5.0
06_60_4,8.5
06_60_40,3.5
06_60_41,6
06_60_42,12
06_60_43,10.0
06_60_44,9.5
06_60_45,2
06_60_46,5
06_60_47,10.0
06_60_48,7.0
06_60_49,11.0
06_60_5,5.5
06_60_50,1.5
06_60_51,5.5
06_60_52,3.0
06_60_53,7
06_60_54,10.0
06_60_55,8.0
06_60_56,11.5
06_60_57,16.0
06_60_58,7.5
06_60_59,6.0
06_60_6,1
06_60_60,8.5
06_60_61,11.5
06_60_62,3
06_60_63,1
06_60_7,8.0
06_60_8,2
06_60_9,11
07_01_0,3.0
07_01_1,5
07_01_10,2.0
07_01_11,7
07_01_12,11.5
07_01_13,4
07_01_14,5.5
07_01_15,2
07_01_16,6.0
07_01_17,13.5
07_01_18,4.5
07_01_19,7
07_01_2,6.5
07_01_20,5.0
07_01_21,4.5
07_01_22,3.5
07_01_23,0
07_01_24,2.0
07_01_25,3.5
07_01_26,0.5
07_01_27,0
07_01_28,3
07_01_29,2.5
07_01_3,5
07_01_30,1
07_01_31,2
07_01_32,3.5
07_01_4,6.5
07_01_5,4
07_01_6,4.5
07_01_7,1
07_01_8,9.0
07_01_9,6.0
07_02_0,4.5
07_02_1,5.5
07_02_2,19.5
07_02_3,5.5
07_03_0,5
07_03_1,11.5
07_03_2,22.0
07_04_0,9
07_04_1,9.5
07_04_10,10.5
07_04_11,15.5
07_04_12,6.5
07_04_13,4
07_04_14,5.5
07_04_15,11.5
07_04_16,5.5
07_04_2,4.5
07_04_3,3.5
07_04_4,9.0
07_04_5,19.5
07_04_6,21.5
07_04_7,20.5
07_04_8,8.0
07_04_9,19.5
07_05_0,1.0
07_06_0,0
07_06_1,2
07_06_2,1.0
07_06_3,2
07_06_4,2.0
07_06_5,1.5
07_06_6,5.5
07_07_0,2
07_07_1,8.0
07_07_10,6.0
07_07_11,12.0
07_07_12,7.5
07_07_13,1.5
07_07_14,9.5
07_07_15,3.5
07_07_16,3.0
07_07_17,1.5
07_07_18,1.5
07_07_19,3
07_07_2,3
07_07_20,4.0
07_07_21,12.5
07_07_22,7.0
07_07_23,6.5
07_07_24,5.5
07_07_25,10.0
07_07_26,1.0
07_07_27,2.5
07_07_28,7.0
07_07_3,2
07_07_4,9.5
07_07_5,4.0
07_07_6,6.0
07_07_7,4.5
07_07_8,6.5
07_07_9,4.5
07_08_0,1.5
07_09_0,0
07_09_1,5
07_09_2,2.5
07_09_3,5.5
07_09_4,2.5
07_09_5,4.5
07_09_6,2
07_09_7,5
07_09_8,3
07_09_9,1.0
07_10_0,1
07_10_1,4.0
07_10_2,6.0
07_11_0,0
07_12_0,13.0
07_12_1,9.5
07_13_0,2.5
07_13_1,1.0
07_13_10,11.5
07_13_11,6
07_13_12,3.5
07_13_13,1
07_13_14,2.5
07_13_2,1.5
07_13_3,3
07_13_4,3.0
07_13_5,1.5
07_13_6,3.5
07_13_7,10.0
07_13_8,1
07_13_9,12.0
07_14_0,7.5
07_14_1,5.5
07_14_2,23.0
07_14_3,14.5
07_14_4,5.0
07_14_5,12.5
07_15_0,1.5
07_15_1,4.0
07_15_2,8
07_15_3,4
07_15_4,4
07_15_5,8.0
07_16_0,0
07_17_0,6
07_18_0,0
07_19_0,4.0
07_20_0,1.0
07_21_0,2.5
07_21_1,1.0
07_22_0,0
07_23_0,2.0
07_23_1,5.5
07_23_2,1.0
07_23_3,1.5
07_23_4,2.0
07_23_5,1
07_23_6,0.5
07_23_7,0
07_23_8,1
07_23_9,0
07_24_0,0
07_25_0,0
07_26_0,0
07_26_1,1.0
07_26_10,2.5
07_26_11,1.5
07_26_12,0
07_26_13,0
07_26_14,1
07_26_15,0.5
07_26_16,3.0
07_26_17,1
07_26_18,3.5
07_26_19,0
07_26_2,1
07_26_20,2.0
07_26_21,1.0
07_26_22,2
07_26_23,0
07_26_24,2
07_26_25,0.5
07_26_26,0
07_26_27,1
07_26_28,1
07_26_29,1
07_26_3,0
07_26_30,1
07_26_31,1
07_26_32,4.0
07_26_33,0
07_26_34,2.5
07_26_35,1.5
07_26_36,0
07_26_37,2
07_26_38,0.5
07_26_39,2.5
07_26_4,0
07_26_40,4.5
07_26_41,0.5
07_26_42,0.5
07_26_43,0
07_26_44,1
07_26_45,2.5
07_26_46,3.5
07_26_47,4.0
07_26_48,0.5
07_26_5,1.0
07_26_6,0
07_26_7,0
07_26_8,2.0
07_26_9,2.5
07_27_0,2.0
07_27_1,1
07_27_2,0
07_27_3,0
07_27_4,1.5
07_27_5,0
07_27_6,0.5
07_27_7,1.5
07_27_8,1.5
07_28_0,1
07_28_1,6.0
07_28_10,10.5
07_28_11,0.5
07_28_12,0
07_28_13,12.0
07_28_14,5.0
07_28_15,3.5
07_28_16,11.5
07_28_17,8.0
07_28_18,4.0
07_28_19,1
07_28_2,0
07_28_20,2.5
07_28_21,0
07_28_3,2.0
07_28_4,1.0
07_28_5,7.5
07_28_6,1.5
07_28_7,0.5
07_28_8,2.0
07_28_9,4.0
07_29_0,2.5
07_29_1,1
07_29_10,1
07_29_11,0
07_29_12,3
07_29_13,0.5
07_29_14,2
07_29_15,2.0
07_29_16,3.0
07_29_17,0.5
07_29_18,1
07_29_19,2.5
07_29_2,2.5
07_29_20,2
07_29_3,3.5
07_29_4,7.5
07_29_5,1
07_29_6,0.5
07_29_7,2.0
07_29_8,1
07_29_9,1.5
07_30_0,2.5
07_30_1,1
07_30_10,1.5
07_30_11,8.0
07_30_12,1
07_30_13,0
07_30_14,2
07_30_15,1
07_30_16,5.0
07_30_17,0
07_30_18,0
07_30_19,1
07_30_2,2
07_30_20,0
07_30_21,0
07_30_22,1
07_30_23,1
07_30_24,0
07_30_25,1.0
07_30_26,1.5
07_30_27,0
07_30_28,0
07_30_29,0
07_30_3,1
07_30_30,1
07_30_31,1
07_30_32,1.5
07_30_33,1.5
07_30_34,4.5
07_30_35,0.5
07_30_36,1.5
07_30_37,4.0
07_30_38,7.5
07_30_39,1.5
07_30_4,1
07_30_40,2.5
07_30_41,3.0
07_30_42,0
07_30_43,2.0
07_30_44,1.5
07_30_45,4.5
07_30_46,1
07_30_47,1.5
07_30_48,9.5
07_30_49,3
07_30_5,3
07_30_50,4.5
07_30_51,8.5
07_30_52,1
07_30_53,0
07_30_54,2.5
07_30_55,2.5
07_30_56,0
07_30_57,2.5
07_30_58,1.5
07_30_59,1
07_30_6,0.5
07_30_60,2.5
07_30_61,6.0
07_30_62,14
07_30_63,7
07_30_64,2
07_30_65,7.5
07_30_66,3.5
07_30_7,2.5
07_30_8,2.5
07_30_9,1.5
07_31_0,2.0
07_31_1,5.0
07_31_10,0.5
07_31_11,1.0
07_31_12,1.5
07_31_13,2.5
07_31_14,0.5
07_31_2,1
07_31_3,7.0
07_31_4,2.5
07_31_5,13.0
07_31_6,3
07_31_7,4.0
07_31_8,1.0
07_31_9,1
07_32_0,2.5
07_32_1,5.0
07_32_10,2.5
07_32_11,0.5
07_32_12,2.0
07_32_13,0
07_32_14,3.0
07_32_15,1.0
07_32_16,5.0
07_32_17,0
07_32_18,1.0
07_32_19,2.5
07_32_2,8.0
07_32_20,3
07_32_21,1.5
07_32_22,1
07_32_23,3.0
07_32_24,3.0
07_32_25,0.5
07_32_26,6.0
07_32_27,5
07_32_28,2.5
07_32_29,2.5
07_32_3,4.5
07_32_30,1
07_32_31,2.5
07_32_32,3.5
07_32_33,0
07_32_34,0.5
07_32_35,1
07_32_36,0
07_32_37,2.0
07_32_38,6.0
07_32_39,0.5
07_32_4,1
07_32_40,1
07_32_41,2.0
07_32_42,1
07_32_43,1
07_32_44,3.0
07_32_45,0
07_32_46,1.5
07_32_47,1
07_32_48,1.0
07_32_49,3.0
07_32_5,2.5
07_32_6,1.0
07_32_7,4.5
07_32_8,1.0
07_32_9,6.0
07_33_0,0
07_33_1,4.0
07_33_2,0
07_33_3,8.5
07_33_4,6
07_33_5,7.0
07_33_6,3.5
07_33_7,1.5
07_33_8,1
07_34_0,0.5
07_34_1,3.5
07_34_2,1.0
07_34_3,1.0
07_34_4,0.5
07_34_5,1
07_35_0,1
07_35_1,8.0
07_35_10,5
07_35_11,5.5
07_35_12,1
07_35_13,1.5
07_35_2,9.0
07_35_3,0
07_35_4,1
07_35_5,1.0
07_35_6,4.0
07_35_7,1
07_35_8,1.5
07_35_9,15.5
07_36_0,0.5
07_36_1,2.5
07_36_10,0.5
07_36_11,2
07_36_12,1
07_36_13,0
07_36_14,4.5
07_36_15,8.5
07_36_2,4
07_36_3,5
07_36_4,13.5
07_36_5,11.0
07_36_6,3.5
07_36_7,4.5
07_36_8,6.5
07_36_9,3.0
07_37_0,1.0
07_38_0,0
07_38_1,0.5
07_38_2,0
07_38_3,8.5
07_38_4,10.0
07_38_5,11.0
07_39_0,1
07_39_1,0.5
07_39_2,21.5
07_39_3,3.5
07_39_4,5.5
07_39_5,0
07_39_6,2.5
07_39_7,0
07_39_8,1
07_39_9,2.5
07_40_0,0
07_41_0,0
07_41_1,0
07_41_10,0
07_41_2,0
07_41_3,0
07_41_4,0.5
07_41_5,1.5
07_41_6,0
07_41_7,0
07_41_8,0.5
07_41_9,1
07_42_0,1.0
07_42_1,1.5
07_42_2,0
07_42_3,0.5
07_42_4,1.5
07_43_0,3.5
07_43_1,4.5
07_43_10,2.0
07_43_11,0
07_43_12,0
07_43_13,6
07_43_14,4.5
07_43_15,1.0
07_43_16,3.0
07_43_17,1
07_43_18,10.5
07_43_19,1
07_43_2,4
07_43_20,2.5
07_43_21,0.5
07_43_22,0.5
07_43_3,3.5
07_43_4,7
07_43_5,3
07_43_6,7.5
07_43_7,7.0
07_43_8,0.5
07_43_9,1.5
07_44_0,1
07_44_1,2.5
08_01_0,1
08_02_0,0
08_02_1,1.5
08_02_2,6.0
08_02_3,5.0
08_02_4,1.5
08_03_0,2.0
08_04_0,1
08_04_1,2.5
08_04_2,0
08_04_3,1.5
08_04_4,1.5
08_04_5,3.0
08_04_6,1.5
08_04_7,1.0
08_05_0,0
08_05_1,1
08_05_2,3.0
08_05_3,2
08_05_4,2.5
08_05_5,0.5
08_05_6,2
08_06_0,0
08_07_0,1
08_07_1,0
08_07_2,2
08_07_3,2
08_07_4,0
08_07_5,2.5
08_07_6,0
08_07_7,2.5
08_07_8,1
08_07_9,3.5
08_08_0,5.0
08_08_1,2.5
08_08_10,0
08_08_11,0.5
08_08_12,0.5
08_08_2,0.5
08_08_3,0
08_08_4,0
08_08_5,0
08_08_6,0.5
08_08_7,5.0
08_08_8,1.5
08_08_9,1.0
08_09_0,1.5
08_09_1,1
08_09_2,1
08_09_3,1
08_09_4,1.5
08_09_5,1.0
08_09_6,1.0
08_09_7,1.5
08_09_8,0
08_10_0,0
08_11_0,3.5
08_11_1,4.0
08_11_10,3.5
08_11_11,1.5
08_11_12,3.0
08_11_13,0
08_11_2,2.5
08_11_3,3.5
08_11_4,2.0
08_11_5,1
08_11_6,3
08_11_7,1
08_11_8,1.0
08_11_9,2
08_12_0,0
08_12_1,1.0
08_12_2,5.0
08_12_3,0
08_13_0,3.0
08_13_1,0.5
08_13_2,1.0
08_13_3,2
08_14_0,0
08_14_1,3
08_14_10,4
08_14_11,4.0
08_14_12,5.0
08_14_13,8.5
08_14_14,0
08_14_15,11.0
08_14_16,5.5
08_14_17,4
08_14_18,4.5
08_14_19,5.5
08_14_2,0
08_14_20,3
08_14_21,1
08_14_22,0
08_14_23,2.0
08_14_24,0.5
08_14_25,0
08_14_26,2.0
08_14_27,1.0
08_14_28,0
08_14_29,0
08_14_3,1.5
08_14_30,2.0
08_14_31,0
08_14_32,0
08_14_33,1
08_14_34,4.0
08_14_35,6.0
08_14_36,3
08_14_37,1
08_14_38,5.5
08_14_39,8.5
08_14_4,2.5
08_14_40,3
08_14_41,4
08_14_42,1
08_14_43,0
08_14_44,4.0
08_14_45,1.5
08_14_46,1.5
08_14_5,0
08_14_6,0
08_14_7,3.5
08_14_8,0.5
08_14_9,3
08_15_0,0
08_16_0,0
08_17_0,0
08_18_0,2.0
08_18_1,2.5
08_18_10,1
08_18_11,0
08_18_12,1.0
08_18_13,0
08_18_2,2.5
08_18_3,0.5
08_18_4,0
08_18_5,0
08_18_6,0
08_18_7,2.0
08_18_8,0.5
08_18_9,1.0
08_19_0,2.5
08_19_1,3.0
08_20_0,1
08_20_1,1
08_20_2,2.5
08_20_3,0.5
08_20_4,2
08_21_0,1
08_22_0,6.5
08_23_0,2
08_23_1,5.5
08_23_2,9.0
08_23_3,3.5
08_24_0,1
08_25_0,0
08_25_1,5.0
08_25_2,2
08_26_0,1.5
08_26_1,0
08_26_10,1
08_26_11,3.5
08_26_12,4.5
08_26_13,11
08_26_14,16.5
08_26_15,5.5
08_26_16,4.0
08_26_2,4.0
08_26_3,6.0
08_26_4,10.0
08_26_5,2
08_26_6,2.5
08_26_7,2
08_26_8,0.5
08_26_9,1.0
08_27_0,1
08_28_0,0.5
08_28_1,0.5
08_28_10,1
08_28_11,0
08_28_12,1.5
08_28_13,1.5
08_28_14,0.5
08_28_15,3.5
08_28_16,4.0
08_28_17,0.5
08_28_18,3.5
08_28_19,1.0
08_28_2,0
08_28_20,0.5
08_28_21,0
08_28_22,1.0
08_28_23,2
08_28_24,2.0
08_28_25,0
08_28_26,0.5
08_28_27,0.5
08_28_28,0
08_28_3,0
08_28_4,0
08_28_5,0
08_28_6,0
08_28_7,2
08_28_8,0
08_28_9,0
08_29_0,3.5
08_30_0,1
08_30_1,0
08_30_10,0.5
08_30_11,0
08_30_12,0.5
08_30_13,0
08_30_14,1.5
08_30_15,0
08_30_16,0
08_30_17,12.5
08_30_18,0
08_30_19,0.5
08_30_2,1
08_30_20,0
08_30_21,0
08_30_22,0
08_30_23,3.0
08_30_24,2.5
08_30_25,2.0
08_30_26,2.5
08_30_27,9.5
08_30_28,0
08_30_29,1
08_30_3,0
08_30_30,1.0
08_30_31,0
08_30_32,3.0
08_30_33,2.0
08_30_34,7.0
08_30_35,1.5
08_30_36,1.5
08_30_37,5.0
08_30_38,0
08_30_39,0.5
08_30_4,0
08_30_40,0
08_30_41,0
08_30_42,4.5
08_30_43,2.5
08_30_44,4.5
08_30_45,1.0
08_30_46,2.0
08_30_47,1.5
08_30_48,0.5
08_30_49,0
08_30_5,0
08_30_50,2
08_30_51,1.0
08_30_52,3.0
08_30_53,3.5
08_30_54,1.0
08_30_55,1.0
08_30_56,0.5
08_30_57,0
08_30_58,0
08_30_59,4.0
08_30_6,0.5
08_30_7,0
08_30_8,0
08_30_9,1
08_31_0,1.5
08_31_1,5.5
08_31_2,1.5
08_31_3,2.0
08_32_0,1.5
08_32_1,3.5
08_33_0,2.5
08_33_1,1
08_33_2,3.0
08_34_0,0
08_35_0,0
08_36_0,1
08_36_1,1.5
08_36_10,0
08_36_2,0.5
08_36_3,0
08_36_4,1
08_36_5,1
08_36_6,0
08_36_7,0
08_36_8,2.0
08_36_9,1.5
08_37_0,0.5
08_37_1,4.5
08_37_2,2.0
08_37_3,4.0
08_38_0,1
08_39_0,2.0
08_40_0,0
08_40_1,0.5
08_40_2,2.5
08_40_3,2.5
08_40_4,2.5
08_40_5,1.0
08_40_6,1.5
08_40_7,1.5
08_41_0,1.5
08_41_1,2
08_41_10,5.0
08_41_11,0
08_41_12,14.0
08_41_13,6
08_41_14,0
08_41_2,3.5
08_41_3,3.5
08_41_4,6
08_41_5,6.5
08_41_6,3.5
08_41_7,9.0
08_41_8,2
08_41_9,3.5
08_42_0,2.0
08_42_1,4.5
08_42_2,5.5
08_42_3,1
08_42_4,3.5
08_42_5,3.0
08_42_6,2.5
08_43_0,0
08_44_0,0.5
08_45_0,1.5
08_45_1,1
08_45_10,3.5
08_45_11,8.0
08_45_12,1.0
08_45_13,0.5
08_45_14,1.0
08_45_15,3.5
08_45_16,5
08_45_17,3.5
08_45_18,1.5
08_45_19,1.0
08_45_2,2.5
08_45_20,4.0
08_45_21,0
08_45_22,6.0
08_45_23,4.5
08_45_24,6
08_45_25,1
08_45_26,2
08_45_27,0.5
08_45_28,0
08_45_3,0
08_45_4,2
08_45_5,1.0
08_45_6,2
08_45_7,2.5
08_45_8,0
08_45_9,3
08_46_0,1.0
08_46_1,3.5
08_47_0,0.5
08_47_1,0
08_47_10,0
08_47_11,0
08_47_12,2.5
08_47_13,2
08_47_14,0.5
08_47_15,0.5
08_47_16,2.0
08_47_17,0.5
08_47_18,5.0
08_47_19,0.5
08_47_2,1
08_47_20,2.5
08_47_21,6
08_47_22,1
08_47_23,2
08_47_24,2.0
08_47_25,0.5
08_47_26,2.5
08_47_3,0
08_47_4,1
08_47_5,0.5
08_47_6,1
08_47_7,0.5
08_47_8,4.0
08_47_9,2.5
08_48_0,5.0
08_48_1,9.5
08_48_10,0
08_48_11,0.5
08_48_12,0
08_48_2,0
08_48_3,2
08_48_4,7.5
08_48_5,2.5
08_48_6,2.5
08_48_7,7.5
08_48_8,8.5
08_48_9,1
08_49_0,1.5
08_49_1,3
08_49_10,6.5
08_49_11,4
08_49_12,3.5
08_49_13,1.5
08_49_14,3.5
08_49_15,4.5
08_49_16,3.5
08_49_2,3
08_49_3,0.5
08_49_4,0
08_49_5,2.0
08_49_6,6.0
08_49_7,12.0
08_49_8,4
08_49_9,21.5
08_50_0,1.0
08_51_0,1.0
08_51_1,1.0
08_52_0,3.5
08_52_1,6.0
08_52_10,6.0
08_52_11,0.5
08_52_12,4.0
08_52_13,1.0
08_52_14,1.5
08_52_15,9.0
08_52_16,5.0
08_52_17,2.5
08_52_2,1.5
08_52_3,5
08_52_4,7.0
08_52_5,2
08_52_6,1.5
08_52_7,1.5
08_52_8,3
08_52_9,4.5
08_53_0,3.0
08_53_1,1.5
08_53_10,1.0
08_53_11,0.5
08_53_12,5.5
08_53_13,2.5
08_53_14,0.5
08_53_15,3.0
08_53_16,0.5
08_53_2,1.0
08_53_3,0.5
08_53_4,3.5
08_53_5,5.0
08_53_6,2.0
08_53_7,2.5
08_53_8,0
08_53_9,1.5
08_54_0,1
08_54_1,3.0
08_54_2,1
08_54_3,1
08_54_4,1
08_54_5,5.0
08_54_6,1
08_55_0,3.5
08_55_1,8.5
08_56_0,0
08_56_1,0
08_56_2,0
08_56_3,2.5
08_56_4,6.5
08_56_5,10
08_56_6,11.0
08_56_7,6.5
08_56_8,5.5
08_56_9,2.5
08_57_0,2.5
08_57_1,2.0
08_57_10,0
08_57_11,2.0
08_57_12,1.0
08_57_2,1.5
08_57_3,0
08_57_4,0
08_57_5,2
08_57_6,1
08_57_7,2
08_57_8,3
08_57_9,0.5
08_58_0,0
08_58_1,0
08_58_10,1.0
08_58_11,1.5
08_58_12,7.0
08_58_13,3.0
08_58_14,1.5
08_58_15,6.0
08_58_16,9.0
08_58_17,2.5
08_58_18,4.5
08_58_2,2.5
08_58_3,5.5
08_58_4,6.0
08_58_5,2.5
08_58_6,2.5
08_58_7,2.5
08_58_8,0.5
08_58_9,4
09_01_0,5.5
09_01_1,4.0
09_01_10,0
09_01_11,2.0
09_01_12,1
09_01_13,6.5
09_01_14,7.0
09_01_15,0
09_01_16,1.5
09_01_17,2.0
09_01_18,7.5
09_01_19,6.5
09_01_2,1
09_01_20,7.5
09_01_21,2
09_01_22,7.5
09_01_23,7
09_01_24,6.0
09_01_25,6
09_01_26,7.0
09_01_27,9
09_01_28,13
09_01_29,9.5
09_01_3,5.5
09_01_30,11.5
09_01_31,13.0
09_01_32,9
09_01_33,5.0
09_01_34,6.5
09_01_35,6.5
09_01_36,12.5
09_01_37,11.0
09_01_38,15.5
09_01_39,6.5
09_01_4,11.0
09_01_40,8.0
09_01_41,5.0
09_01_42,6.0
09_01_43,2.5
09_01_44,4.0
09_01_45,3.0
09_01_46,4.5
09_01_47,9.5
09_01_48,2
09_01_49,4.5
09_01_5,1
09_01_50,6.0
09_01_51,5.5
09_01_6,1.5
09_01_7,1
09_01_8,0.5
09_01_9,0
09_02_0,0.5
09_02_1,13.5
09_02_10,0
09_02_11,4.5
09_02_12,9.5
09_02_13,8.0
09_02_14,8.5
09_02_15,11.5
09_02_16,3
09_02_17,6.0
09_02_18,4.0
09_02_19,8.0
09_02_2,9.5
09_02_20,6.0
09_02_21,8.0
09_02_22,5.5
09_02_23,7.5
09_02_24,3
09_02_25,6.0
09_02_26,7.5
09_02_27,5.0
09_02_28,4
09_02_29,4.5
09_02_3,2.0
09_02_30,4.0
09_02_31,8.5
09_02_32,8.0
09_02_33,19.5
09_02_34,8.0
09_02_35,5.5
09_02_36,8.0
09_02_37,3.5
09_02_38,3
09_02_39,6
09_02_4,2.0
09_02_40,1
09_02_41,3.0
09_02_42,6.0
09_02_5,3
09_02_6,0.5
09_02_7,4
09_02_8,5.0
09_02_9,6.5
09_03_0,5.5
09_03_1,10.0
09_03_2,3.5
09_03_3,1.5
09_04_0,1.5
09_04_1,3.5
09_04_10,6.0
09_04_11,9.0
09_04_12,3.5
09_04_13,3.0
09_04_14,1.5
09_04_15,2
09_04_16,0.5
09_04_17,3.5
09_04_2,1.5
09_04_3,4.0
09_04_4,2.5
09_04_5,3.5
09_04_6,4.0
09_04_7,3.5
09_04_8,3.0
09_04_9,4.0
09_05_0,7.5
09_05_1,5
09_05_10,8.5
09_05_11,4.5
09_05_12,10.0
09_05_2,8.0
09_05_3,5.0
09_05_4,11.5
09_05_5,19.0
09_05_6,5.0
09_05_7,8.5
09_05_8,14.5
09_05_9,13.0
09_06_0,1.5
09_07_0,5.0
09_08_0,0
09_09_0,1.5
09_09_1,4.0
09_10_0,0.5
09_10_1,1
09_11_0,2
09_11_1,3.5
09_11_2,3
09_11_3,2.0
09_12_0,2
09_12_1,2
09_12_10,0.5
09_12_11,0
09_12_12,3
09_12_13,1
09_12_14,0
09_12_15,3.5
09_12_16,2
09_12_17,9
09_12_18,4
09_12_19,1.5
09_12_2,0
09_12_20,1
09_12_21,1
09_12_3,0.5
09_12_4,0
09_12_5,2
09_12_6,0
09_12_7,1.0
09_12_8,0
09_12_9,0.5
09_13_0,3
09_13_1,2.0
09_13_10,6.5
09_13_11,0
09_13_12,1
09_13_13,0
09_13_14,2
09_13_15,1
09_13_16,3.0
09_13_17,2
09_13_18,0.5
09_13_19,7.5
09_13_2,2.5
09_13_20,7.5
09_13_21,7
09_13_22,13.0
09_13_23,0.5
09_13_24,4
09_13_3,0.5
09_13_4,4
09_13_5,1.0
09_13_6,3
09_13_7,10.5
09_13_8,14.5
09_13_9,16.0
09_14_0,5.0
09_14_1,4.5
09_15_0,0
09_15_1,5
09_15_10,8.5
09_15_11,2
09_15_12,0
09_15_13,0.5
09_15_14,1
09_15_15,2.5
09_15_16,3.0
09_15_17,1
09_15_18,4
09_15_19,1
09_15_2,4
09_15_3,6.5
09_15_4,5.5
09_15_5,5.5
09_15_6,4.5
09_15_7,0
09_15_8,0
09_15_9,0
09_16_0,7.0
09_16_1,8.5
09_17_0,0
09_17_1,1.5
09_17_10,7.5
09_17_11,7.5
09_17_12,3.0
09_17_13,7.0
09_17_14,0
09_17_15,1.5
09_17_16,0
09_17_17,5.0
09_17_18,0
09_17_19,1.0
09_17_2,1
09_17_20,1.5
09_17_21,1.5
09_17_22,0.5
09_17_23,0.5
09_17_24,0
09_17_25,3.0
09_17_26,0
09_17_27,0
09_17_28,5.0
09_17_29,2
09_17_3,1.5
09_17_30,0.5
09_17_31,3.0
09_17_32,3
09_17_33,9
09_17_34,23.0
09_17_35,9.5
09_17_36,14.5
09_17_37,12.0
09_17_38,5.5
09_17_39,4.5
09_17_4,0
09_17_40,6.0
09_17_41,2
09_17_42,2.0
09_17_43,1
09_17_44,1.5
09_17_45,3.0
09_17_46,6.0
09_17_47,6.0
09_17_48,1.5
09_17_49,2
09_17_5,0
09_17_50,11.5
09_17_51,0
09_17_52,3.5
09_17_53,2
09_17_54,3.0
09_17_55,3.5
09_17_56,1.5
09_17_57,1.0
09_17_58,0.5
09_17_59,1
09_17_6,0.5
09_17_60,17.0
09_17_61,6.0
09_17_62,3.0
09_17_63,1.5
09_17_64,0
09_17_65,3
09_17_66,8.5
09_17_67,1.5
09_17_68,2
09_17_69,2.5
09_17_7,0
09_17_70,1.0
09_17_71,3.5
09_17_72,5.5
09_17_73,1.0
09_17_74,2.5
09_17_75,0.5
09_17_76,1.5
09_17_77,2
09_17_78,2
09_17_79,0
09_17_8,0
09_17_80,3.5
09_17_81,1
09_17_82,3
09_17_9,0
09_18_0,3.0
09_18_1,0
09_18_10,3.0
09_18_11,1.5
09_18_12,0.5
09_18_13,4.5
09_18_14,1
09_18_15,2
09_18_16,17
09_18_17,1
09_18_18,0.5
09_18_19,1
09_18_2,2.0
09_18_20,2
09_18_21,0
09_18_22,5.0
09_18_23,4.5
09_18_24,5.5
09_18_25,1.5
09_18_26,1.5
09_18_27,2.5
09_18_28,0
09_18_29,4
09_18_3,5.0
09_18_30,0
09_18_31,11.0
09_18_32,2.5
09_18_33,2
09_18_34,4.5
09_18_35,2.5
09_18_36,3
09_18_37,3
09_18_38,2
09_18_39,0
09_18_4,4
09_18_40,1
09_18_41,2
09_18_42,3
09_18_43,3
09_18_44,1
09_18_45,0
09_18_46,1
09_18_5,0
09_18_6,5.0
09_18_7,10.5
09_18_8,7.5
09_18_9,0
09_19_0,2.5
09_20_0,3
09_20_1,2
09_20_2,2.0
09_20_3,3.5
09_20_4,2.5
09_20_5,2.5
09_20_6,0.5
09_21_0,0
09_21_1,0
09_21_10,0.5
09_21_11,1.5
09_21_12,0
09_21_2,0
09_21_3,0
09_21_4,0
09_21_5,0
09_21_6,0
09_21_7,0
09_21_8,0.5
09_21_9,1.0
09_22_0,0
09_22_1,0
09_22_10,1.0
09_22_11,6
09_22_12,0.5
09_22_13,2.5
09_22_14,2.5
09_22_15,2
09_22_16,0
09_22_17,0
09_22_18,0
09_22_19,3.5
09_22_2,8
09_22_20,2.0
09_22_21,1.5
09_22_22,2.5
09_22_23,3
09_22_24,5.5
09_22_3,1
09_22_4,0.5
09_22_5,0
09_22_6,1.0
09_22_7,5.5
09_22_8,1
09_22_9,1
09_23_0,0.5
09_24_0,2.0
09_24_1,1.0
09_24_10,2.5
09_24_11,1.0
09_24_12,1.5
09_24_13,3
09_24_14,4.5
09_24_15,4.0
09_24_16,2
09_24_17,1.0
09_24_18,3.5
09_24_19,2.5
09_24_2,1.5
09_24_20,4.5
09_24_3,1
09_24_4,2.0
09_24_5,0
09_24_6,4.0
09_24_7,3.0
09_24_8,0
09_24_9,8.0
09_25_0,1.5
09_25_1,1.0
09_25_10,2.5
09_25_11,3.5
09_25_12,1.5
09_25_13,2.0
09_25_14,1.5
09_25_15,2
09_25_16,0.5
09_25_17,2.5
09_25_18,3.5
09_25_19,8.5
09_25_2,2
09_25_20,3.5
09_25_21,2.5
09_25_22,2.5
09_25_23,3.5
09_25_3,0.5
09_25_4,0
09_25_5,0
09_25_6,2
09_25_7,0
09_25_8,5.5
09_25_9,1
09_26_0,2
09_26_1,6.0
09_26_10,12.5
09_26_11,5.0
09_26_12,1
09_26_13,3.0
09_26_14,9.5
09_26_15,11.0
09_26_16,3
09_26_17,6
09_26_18,8.5
09_26_19,2.5
09_26_2,8.0
09_26_20,0.5
09_26_21,10.5
09_26_22,6.0
09_26_23,6
09_26_24,1
09_26_25,4
09_26_26,5.5
09_26_27,6.5
09_26_28,4.5
09_26_29,6.0
09_26_3,1.0
09_26_30,8.5
09_26_31,2.5
09_26_32,1.5
09_26_33,4.5
09_26_34,4
09_26_35,8
09_26_36,3.5
09_26_37,4.0
09_26_38,1.5
09_26_39,3.0
09_26_4,1
09_26_40,0.5
09_26_41,2.0
09_26_42,1
09_26_43,5.0
09_26_44,10.5
09_26_45,2.0
09_26_46,1
09_26_47,4.5
09_26_48,4.5
09_26_49,6.5
09_26_5,1.0
09_26_50,9.5
09_26_51,3.5
09_26_52,3.5
09_26_53,1
09_26_6,0
09_26_7,3.5
09_26_8,8.0
09_26_9,9.0
09_27_0,3.0
09_27_1,7.5
09_27_10,14.5
09_27_11,4.0
09_27_12,8.5
09_27_13,5
09_27_14,4
09_27_15,0
09_27_16,8.0
09_27_17,3
09_27_18,3.5
09_27_19,4.5
09_27_2,6.5
09_27_20,4.5
09_27_21,9.0
09_27_22,4
09_27_23,1
09_27_24,7.5
09_27_3,7.0
09_27_4,4
09_27_5,8.0
09_27_6,3.5
09_27_7,2.0
09_27_8,7.0
09_27_9,24.5
09_28_0,0
09_28_1,1
09_28_2,0.5
09_28_3,2
09_28_4,0
09_28_5,0
09_28_6,0
10_01_0,3
10_01_1,0.5
10_01_2,0
10_01_3,0
10_01_4,2.5
10_02_0,0.5
10_03_0,1
10_04_0,3.5
10_04_1,8.0
10_04_10,6.5
10_04_11,4.0
10_04_12,3.5
10_04_13,11.0
10_04_14,3
10_04_15,5.5
10_04_16,12.0
10_04_17,8.5
10_04_18,5.5
10_04_19,4
10_04_2,9.0
10_04_20,2.5
10_04_21,3.0
10_04_22,6.5
10_04_23,8.5
10_04_24,3
10_04_25,3.5
10_04_26,1.5
10_04_27,0.5
10_04_28,2.0
10_04_29,5.5
10_04_3,6
10_04_30,3.0
10_04_31,3
10_04_32,4.5
10_04_33,2.0
10_04_34,3.0
10_04_35,10.0
10_04_36,5.5
10_04_37,5.5
10_04_38,6.0
10_04_39,2
10_04_4,0
10_04_40,3.5
10_04_41,0
10_04_42,1.5
10_04_43,2.0
10_04_44,0
10_04_45,0
10_04_46,2.0
10_04_47,3.0
10_04_48,0
10_04_49,2
10_04_5,4.5
10_04_50,5.0
10_04_51,10.5
10_04_52,4.5
10_04_53,5.5
10_04_54,17.5
10_04_55,5.5
10_04_56,3.0
10_04_57,1.5
10_04_58,2.5
10_04_59,3.0
10_04_6,2.5
10_04_60,5
10_04_61,0
10_04_62,2.0
10_04_63,0
10_04_64,1
10_04_7,13.5
10_04_8,1
10_04_9,11.0
10_05_0,9.0
10_05_1,8.0
10_05_10,6.0
10_05_11,2.0
10_05_2,7.0
10_05_3,2
10_05_4,0.5
10_05_5,5.5
10_05_6,5.0
10_05_7,3.5
10_05_8,9.5
10_05_9,9.0
10_06_0,11.5
10_06_1,10.0
10_07_0,5.0
10_07_1,1
10_07_2,5
10_07_3,4.5
10_07_4,7.5
10_08_0,2
10_08_1,8.0
10_08_2,6
10_08_3,10.0
10_08_4,12
10_08_5,9.0
10_09_0,5.0
10_09_1,8.5
10_09_2,6.0
10_09_3,13.0
10_09_4,10
10_10_0,4.5
10_10_1,0
10_10_10,5.5
10_10_11,6.0
10_10_12,7.0
10_10_13,1.5
10_10_14,2.5
10_10_15,8.0
10_10_16,9.5
10_10_17,12.0
10_10_18,1.5
10_10_19,2
10_10_2,2
10_10_20,7.5
10_10_21,8.0
10_10_22,24.0
10_10_23,14.5
10_10_24,9.5
10_10_3,5.0
10_10_4,1.0
10_10_5,4.0
10_10_6,2
10_10_7,11.5
10_10_8,3.0
10_10_9,1.5
10_11_0,5.0
10_11_1,3
10_11_10,10.0
10_11_11,6.5
10_11_12,2.0
10_11_13,0.5
10_11_14,8.5
10_11_2,4.5
10_11_3,1
10_11_4,10.0
10_11_5,1.5
10_11_6,3.5
10_11_7,0.5
10_11_8,8.5
10_11_9,11.0
10_12_0,1.5
10_12_1,2.5
10_12_10,1.5
10_12_11,1.0
10_12_12,3
10_12_13,3.0
10_12_14,9.5
10_12_15,4.0
10_12_16,4
10_12_17,5
10_12_18,5.0
10_12_19,5
10_12_2,1.0
10_12_20,6
10_12_21,9.0
10_12_22,3.5
10_12_23,2.5
10_12_24,1.0
10_12_3,2.5
10_12_4,6.5
10_12_5,4.5
10_12_6,10.5
10_12_7,4.5
10_12_8,5.5
10_12_9,1.0
10_13_0,12.5
10_14_0,10.0
10_14_1,4.5
10_14_10,3.0
10_14_11,6.5
10_14_12,5.5
10_14_13,6.5
10_14_14,2.5
10_14_15,2.5
10_14_16,1
10_14_17,0
10_14_18,0
10_14_19,0.5
10_14_2,2.5
10_14_20,1
10_14_21,4.0
10_14_3,4.0
10_14_4,10.5
10_14_5,8.5
10_14_6,6.5
10_14_7,1.5
10_14_8,1.5
10_14_9,3
10_15_0,8.0
10_15_1,7.0
10_15_2,7.0
10_15_3,12.5
10_15_4,9
10_15_5,19.5
10_16_0,1
10_16_1,1.5
10_16_2,4.5
10_16_3,6.0
10_16_4,4.5
10_16_5,6.5
10_16_6,5.0
10_17_0,9.0
10_17_1,6.0
10_17_2,5.5
10_18_0,2.0
10_18_1,3.0
10_18_10,0
10_18_2,0.5
10_18_3,2.0
10_18_4,1.0
10_18_5,3
10_18_6,4.0
10_18_7,0.5
10_18_8,2
10_18_9,2
10_19_0,1.0
10_19_1,0
10_19_2,1.0
10_19_3,4.0
10_19_4,1
10_19_5,1.5
10_19_6,4.0
10_19_7,2
10_19_8,6.5
10_20_0,4.5
10_21_0,4.5
10_21_1,9.5
10_21_10,5.5
10_21_11,11.5
10_21_12,8.0
10_21_13,5.5
10_21_14,1.5
10_21_15,2
10_21_2,3.5
10_21_3,1.0
10_21_4,1
10_21_5,6.0
10_21_6,3.0
10_21_7,6.5
10_21_8,15.0
10_21_9,4
10_22_0,7.5
10_22_1,6.5
10_22_10,8
10_22_11,6.5
10_22_12,9.5
10_22_13,10.0
10_22_14,1.5
10_22_15,6.0
10_22_16,8.0
10_22_17,2.0
10_22_18,14.5
10_22_19,6.0
10_22_2,4.5
10_22_20,0
10_22_21,1
10_22_3,3.5
10_22_4,13.0
10_22_5,17.0
10_22_6,5.0
10_22_7,2.0
10_22_8,4
10_22_9,5.0
10_23_0,1
10_23_1,1
10_23_10,4.0
10_23_11,12.0
10_23_12,8.0
10_23_13,0
10_23_14,3.5
10_23_15,1
10_23_16,18.0
10_23_17,23.0
10_23_18,15.0
10_23_19,6
10_23_2,0
10_23_3,6
10_23_4,6.0
10_23_5,5.0
10_23_6,4.0
10_23_7,6.5
10_23_8,11.5
10_23_9,6.0
10_24_0,4.5
10_24_1,1
10_24_10,0.5
10_24_11,0
10_24_2,1
10_24_3,4.0
10_24_4,9.5
10_24_5,14.5
10_24_6,3
10_24_7,1.5
10_24_8,3.5
10_24_9,5.0
10_25_0,8.5
10_25_1,2
10_25_2,10
10_26_0,1
10_26_1,1.5
10_26_10,0.5
10_26_11,0
10_26_12,0
10_26_13,0
10_26_14,0
10_26_15,2
10_26_16,0
10_26_17,1
10_26_18,2
10_26_19,0
10_26_2,0
10_26_20,1.5
10_26_21,2
10_26_22,0
10_26_23,0
10_26_24,1
10_26_25,1.5
10_26_26,1.5
10_26_27,0
10_26_28,0
10_26_29,0.5
10_26_3,0
10_26_30,0
10_26_4,0
10_26_5,1
10_26_6,0
10_26_7,0
10_26_8,0
10_26_9,0
10_27_0,0
10_27_1,1
10_27_10,1
10_27_11,1
10_27_12,0
10_27_13,0
10_27_14,0.5
10_27_15,0
10_27_16,0
10_27_17,0.5
10_27_18,1
10_27_19,0
10_27_2,1
10_27_20,1.5
10_27_21,1
10_27_22,1
10_27_23,0
10_27_24,0
10_27_25,1
10_27_26,0.5
10_27_27,2.5
10_27_3,1.0
10_27_4,2
10_27_5,0
10_27_6,0
10_27_7,0
10_27_8,0
10_27_9,0
10_28_0,1
10_28_1,0
10_29_0,0
10_30_0,2.5
10_30_1,1
10_30_2,2
10_30_3,4.5
10_30_4,2.5
10_31_0,0
10_31_1,1
10_31_2,0
10_31_3,1.5
10_31_4,6.5
10_31_5,2
10_32_0,1.5
10_32_1,0
10_32_10,2
10_32_11,1
10_32_12,9.0
10_32_13,6.0
10_32_14,2.5
10_32_15,3.5
10_32_16,7.0
10_32_17,9.5
10_32_18,4.5
10_32_19,3
10_32_2,1
10_32_20,0
10_32_21,0.5
10_32_22,6
10_32_23,0
10_32_24,2.0
10_32_25,3.5
10_32_26,4
10_32_27,2
10_32_28,1.5
10_32_29,3
10_32_3,3.5
10_32_30,8.5
10_32_31,4.0
10_32_32,4.0
10_32_33,2
10_32_34,2
10_32_35,5.0
10_32_36,1
10_32_37,1.5
10_32_38,4.5
10_32_39,1
10_32_4,12.0
10_32_40,1
10_32_41,5.5
10_32_42,0.5
10_32_43,1.5
10_32_44,3.0
10_32_45,0.5
10_32_46,1.5
10_32_47,3
10_32_48,2.5
10_32_49,4
10_32_5,9.5
10_32_50,5.5
10_32_51,2.5
10_32_52,0
10_32_53,0
10_32_54,1
10_32_55,1
10_32_56,1
10_32_57,17.0
10_32_58,6.0
10_32_59,3.0
10_32_6,4
10_32_60,3
10_32_61,9.5
10_32_62,2
10_32_63,3
10_32_64,4
10_32_65,1.5
10_32_66,0
10_32_67,2.5
10_32_68,4.5
10_32_69,1.0
10_32_7,2
10_32_70,2.5
10_32_71,2
10_32_72,3
10_32_73,6.5
10_32_74,6.5
10_32_75,4.5
10_32_76,3
10_32_77,6.0
10_32_78,2.5
10_32_79,2
10_32_8,8
10_32_80,3.0
10_32_81,0
10_32_82,1
10_32_83,3
10_32_84,0.5
10_32_85,2.0
10_32_86,0.5
10_32_87,0
10_32_88,3
10_32_89,1.5
10_32_9,0.5
10_32_90,3
10_32_91,2.5
10_32_92,1.5
10_32_93,4.0
10_32_94,7.0
10_32_95,4.5
10_32_96,10.5
10_32_97,7
10_33_0,3
10_34_0,1
10_34_1,8
10_34_2,4
10_34_3,1
10_34_4,4.0
10_34_5,5.5
10_35_0,3.0
10_36_0,1.5
10_36_1,1.5
10_36_2,3.5
10_36_3,2
10_36_4,0.5
10_37_0,4.5
10_37_1,6.5
10_37_2,7.5
10_37_3,0
10_37_4,1
10_38_0,0.5
10_38_1,1
10_38_10,1.5
10_38_11,5
10_38_12,2.5
10_38_13,3.5
10_38_14,0
10_38_15,3.0
10_38_16,2.5
10_38_17,7.0
10_38_18,1.0
10_38_19,3.0
10_38_2,1
10_38_20,2.0
10_38_21,0
10_38_22,3.0
10_38_23,3
10_38_24,5.0
10_38_25,4.5
10_38_26,3
10_38_27,4.0
10_38_28,2.5
10_38_29,5.0
10_38_3,4
10_38_30,2.5
10_38_31,0
10_38_32,2.0
10_38_33,5.0
10_38_34,2
10_38_35,1
10_38_36,3.0
10_38_37,2
10_38_38,3.5
10_38_39,4.5
10_38_4,4.5
10_38_40,5
10_38_41,3.0
10_38_42,5.5
10_38_5,0.5
10_38_6,2
10_38_7,0
10_38_8,0
10_38_9,4
10_39_0,4.5
10_39_1,0
10_39_2,11.0
10_39_3,3.0
10_40_0,5.0
10_40_1,10
10_40_2,9.5
10_41_0,4.5
10_41_1,13.5
11_01_0,0
11_01_1,3
11_01_10,0.5
11_01_11,1
11_01_12,1
11_01_13,8
11_01_14,1.5
11_01_15,4.0
11_01_16,0
11_01_2,2
11_01_3,0
11_01_4,2
11_01_5,0
11_01_6,1.5
11_01_7,0
11_01_8,1
11_01_9,2.0
11_02_0,1
11_02_1,5.5
11_03_0,1.5
11_03_1,0
11_03_2,0
11_03_3,4.5
11_04_0,0
11_05_0,1.5
11_06_0,0
11_07_0,1.0
11_08_0,1
11_08_1,0
11_08_2,3.5
11_08_3,2.5
11_09_0,0.5
11_09_1,0
11_09_2,2.0
11_10_0,0
11_10_1,5.0
11_10_2,3.5
11_10_3,0.5
11_10_4,7.0
11_11_0,0
11_11_1,0.5
11_11_2,1
11_11_3,0.5
11_12_0,3.5
11_12_1,4
11_12_10,6.0
11_12_11,4
11_12_12,4.5
11_12_13,3.5
11_12_14,8.0
11_12_15,6.5
11_12_16,12.5
11_12_17,14.5
11_12_18,9.5
11_12_19,4.5
11_12_2,1.0
11_12_20,15.5
11_12_21,8.0
11_12_22,1.5
11_12_23,24.0
11_12_3,2.0
11_12_4,0
11_12_5,9.0
11_12_6,8.5
11_12_7,16.5
11_12_8,5.5
11_12_9,5.5
11_13_0,4
11_13_1,13.0
11_13_2,13.5
11_13_3,12.0
11_13_4,12.0
11_13_5,17.0
11_13_6,5.0
11_13_7,7.5
11_14_0,0
11_15_0,0
11_15_1,0
11_15_10,0
11_15_11,1
11_15_12,0
11_15_13,0
11_15_2,0
11_15_3,1.5
11_15_4,1
11_15_5,0
11_15_6,1
11_15_7,1
11_15_8,0.5
11_15_9,0
11_16_0,0
11_16_1,0.5
11_16_2,0
11_16_3,1
11_16_4,1.0
11_16_5,0.5
11_17_0,0
11_18_0,6.5
11_18_1,6.0
11_18_2,4
11_19_0,0.5
11_19_1,2
11_19_2,1
11_19_3,0
11_19_4,3
11_19_5,2.0
11_20_0,5.5
11_20_1,2
11_20_10,1.5
11_20_11,2
11_20_12,1.5
11_20_13,2.5
11_20_14,2.5
11_20_15,1.5
11_20_16,3.5
11_20_17,3.0
11_20_18,2
11_20_19,2.5
11_20_2,0.5
11_20_20,0.5
11_20_21,4.0
11_20_22,3.0
11_20_23,1.0
11_20_24,2.5
11_20_25,1.5
11_20_26,3.0
11_20_27,1
11_20_28,11.0
11_20_29,0.5
11_20_3,0
11_20_30,1
11_20_31,1
11_20_32,1.0
11_20_33,0.5
11_20_34,3.5
11_20_35,0
11_20_4,4.0
11_20_5,2.5
11_20_6,2.0
11_20_7,2
11_20_8,6.0
11_20_9,6.5
11_21_0,0
11_22_0,0
11_23_0,3.0
11_23_1,3.5
11_23_10,8.5
11_23_11,2
11_23_12,6.0
11_23_13,0.5
11_23_14,0
11_23_2,3.5
11_23_3,3.0
11_23_4,2.5
11_23_5,9.5
11_23_6,1.5
11_23_7,3.0
11_23_8,3.0
11_23_9,1.5
11_24_0,2
11_25_0,1
11_25_1,3.0
11_25_10,8.5
11_25_11,14.5
11_25_12,1
11_25_13,1
11_25_14,1
11_25_15,3.5
11_25_16,2.0
11_25_17,0
11_25_2,1.5
11_25_3,0.5
11_25_4,0
11_25_5,5.0
11_25_6,0
11_25_7,2.0
11_25_8,1
11_25_9,4.5
11_26_0,2.0
11_26_1,0.5
11_26_2,5
11_26_3,2.5
11_26_4,1
11_26_5,4.5
11_26_6,0
11_26_7,2.0
11_26_8,0
11_26_9,2.0
11_27_0,1.5
11_27_1,1
11_27_10,1.5
11_27_11,5.0
11_27_12,0.5
11_27_13,0
11_27_14,0.5
11_27_15,2.0
11_27_16,1.5
11_27_17,2.0
11_27_18,1.5
11_27_19,1
11_27_2,4.5
11_27_20,0.5
11_27_21,1.5
11_27_22,2
11_27_23,3.0
11_27_24,0
11_27_25,1
11_27_26,7.0
11_27_27,7.0
11_27_28,6.0
11_27_29,8.0
11_27_3,0.5
11_27_30,4.0
11_27_31,0
11_27_32,4.0
11_27_33,0.5
11_27_34,0
11_27_35,0
11_27_4,0
11_27_5,1.5
11_27_6,0.5
11_27_7,4
11_27_8,0.5
11_27_9,2.0
11_28_0,3.5
11_28_1,4.0
11_28_10,1
11_28_11,1.0
11_28_12,2.0
11_28_13,0
11_28_14,1
11_28_15,14.0
11_28_16,10.0
11_28_17,0
11_28_18,8.5
11_28_19,8.0
11_28_2,1.0
11_28_20,16.5
11_28_21,5
11_28_22,2.5
11_28_23,6.5
11_28_24,3.5
11_28_25,7
11_28_26,1
11_28_27,1.5
11_28_28,0
11_28_3,0
11_28_4,10.5
11_28_5,4.5
11_28_6,0.5
11_28_7,0.5
11_28_8,2
11_28_9,3.0
11_29_0,9.0
11_29_1,9.5
11_29_10,1
11_29_11,4.5
11_29_12,2.0
11_29_13,5.5
11_29_14,4.5
11_29_15,2.5
11_29_16,1.5
11_29_17,1.5
11_29_18,7
11_29_19,3
11_29_2,8.0
11_29_20,10
11_29_21,8.5
11_29_22,10
11_29_23,11.0
11_29_24,13.0
11_29_25,1
11_29_26,5.5
11_29_27,1.0
11_29_28,5.0
11_29_29,1.0
11_29_3,2.5
11_29_30,1.0
11_29_31,0
11_29_32,1
11_29_33,2.5
11_29_34,1.0
11_29_35,2
11_29_36,4
11_29_37,1.5
11_29_38,0.5
11_29_39,2
11_29_4,6
11_29_40,11
11_29_41,4.5
11_29_42,4.5
11_29_43,7.0
11_29_44,5.0
11_29_45,1
11_29_46,1.5
11_29_47,3.0
11_29_48,6.5
11_29_49,4.0
11_29_5,4.5
11_29_50,5
11_29_51,0
11_29_52,2
11_29_53,5.0
11_29_54,2.0
11_29_55,0
11_29_56,5.5
11_29_57,20.0
11_29_58,15.0
11_29_59,11.5
11_29_6,5
11_29_60,7.0
11_29_61,2
11_29_62,2.0
11_29_63,2.0
11_29_64,0
11_29_65,2
11_29_66,11.5
11_29_67,10
11_29_68,13.0
11_29_69,0.5
11_29_7,5.5
11_29_70,0
11_29_71,1.5
11_29_72,5.0
11_29_73,8.5
11_29_74,0
11_29_8,3.5
11_29_9,2.5
11_30_0,3.0
11_30_1,0
11_30_10,3.5
11_30_11,2.5
11_30_12,6.0
11_30_13,0.5
11_30_14,8.0
11_30_15,1.5
11_30_16,3
11_30_17,5.5
11_30_18,6.5
11_30_19,9
11_30_2,6.5
11_30_20,3.0
11_30_21,8.0
11_30_22,7.5
11_30_23,4.0
11_30_24,0.5
11_30_25,3.5
11_30_26,9.0
11_30_27,12.0
11_30_28,1.5
11_30_29,1.5
11_30_3,9.0
11_30_30,6.0
11_30_31,0
11_30_32,10.5
11_30_33,20.0
11_30_34,9.5
11_30_35,5.0
11_30_36,3.5
11_30_37,6.0
11_30_38,0
11_30_39,2
11_30_4,3.5
11_30_40,2.5
11_30_41,11.0
11_30_42,13.5
11_30_43,4.5
11_30_44,6.0
11_30_45,3.5
11_30_46,0.5
11_30_47,3
11_30_48,0
11_30_49,2.5
11_30_5,1
11_30_50,5.0
11_30_51,2.5
11_30_52,5
11_30_53,3
11_30_54,6.5
11_30_55,5.0
11_30_56,5.0
11_30_57,0
11_30_58,5.0
11_30_59,1.5
11_30_6,7.5
11_30_60,7.5
11_30_61,10.0
11_30_62,5.5
11_30_63,0
11_30_64,0
11_30_65,1.0
11_30_66,2.0
11_30_67,1.5
11_30_68,1
11_30_69,1.0
11_30_7,7
11_30_8,4.5
11_30_9,1
11_31_0,0
11_31_1,0
11_31_10,0
11_31_11,0
11_31_12,0
11_31_13,0
11_31_14,0
11_31_15,0
11_31_16,0
11_31_17,0
11_31_18,0
11_31_19,0
11_31_2,0
11_31_20,0
11_31_21,0
11_31_22,1
11_31_23,0
11_31_24,1.0
11_31_25,0
11_31_26,0
11_31_27,0
11_31_28,0
11_31_3,0
11_31_4,0
11_31_5,2
11_31_6,0
11_31_7,0
11_31_8,0
11_31_9,0
11_32_0,8.5
11_33_0,13.0
11_33_1,9.5
11_33_2,5
11_34_0,0.5
11_34_1,3.0
11_34_2,4.5
11_34_3,0
11_35_0,4.5
11_35_1,0
11_35_2,1.0
11_35_3,4
11_36_0,0
11_36_1,3
11_36_2,0
11_36_3,0.5
11_36_4,1.0
11_36_5,1
11_36_6,4
11_36_7,2
11_37_0,0.5
11_37_1,1
11_37_10,1.5
11_37_11,6.5
11_37_12,0.5
11_37_13,1.0
11_37_14,5
11_37_15,6
11_37_16,10.5
11_37_17,1.5
11_37_18,1
11_37_19,8.5
11_37_2,1
11_37_20,12.5
11_37_21,8.0
11_37_22,2.0
11_37_23,1.5
11_37_3,2.5
11_37_4,1.0
11_37_5,1.0
11_37_6,0.5
11_37_7,1
11_37_8,2.5
11_37_9,3.0
11_38_0,0.5
11_38_1,0
11_39_0,7
11_39_1,5
11_39_10,13.5
11_39_11,8.5
11_39_12,14.5
11_39_13,6
11_39_14,3
11_39_15,2.5
11_39_16,4.0
11_39_17,6
11_39_18,12.0
11_39_19,9.0
11_39_2,6.5
11_39_3,12.0
11_39_4,6
11_39_5,2.0
11_39_6,1
11_39_7,0
11_39_8,1
11_39_9,17.5
11_40_0,1
11_41_0,0.5
11_41_1,2.5
11_41_2,12.0
11_41_3,7.0
11_41_4,4.0
11_42_0,0.5
11_43_0,0
11_43_1,0
11_43_2,0
11_43_3,1.5
11_43_4,4.0
11_43_5,4.5
